"date";"open";"high";"low";"close";"volume";"adjusted"
2013-06-19;15,28;16,25;15,2;15,8;31981500;14,751421
2013-06-20;16,370001;16,370001;15,25;15,3;9274200;14,284605
2013-06-21;15,7;15,8;15,4;15,62;8323500;14,583365
2013-06-24;15,64;15,84;15,2;15,53;4279700;14,499339
2013-06-25;15,55;15,74;15,35;15,72;3577300;14,676729
2013-06-26;15,69;15,69;15,18;15,4;14755100;14,377967
2013-06-27;15,34;15,87;14,85;15,5;12121700;14,471331
2013-06-28;15,5;15,77;15,25;15,25;16988100;14,23792
2013-07-01;14,79;15,59;14,75;14,79;25839400;13,808451
2013-07-02;14,69;15,12;14,69;15;30520100;14,004514
2013-07-03;14,95;15,09;14,73;14,87;8542600;13,883141
2013-07-05;14,95;15,95;14,89;15,66;12427000;14,620711
2013-07-08;15,63;16,040001;15,5;15,96;15345100;14,900802
2013-07-09;15,79;15,97;15,5;15,71;9936400;14,667393
2013-07-10;15,5;15,57;15,15;15,39;16327000;14,36863
2013-07-11;15,6;15,6;14,96;15,13;17029600;14,125886
2013-07-12;15,07;15,12;14,9;14,93;10426300;13,939158
2013-07-15;14,93;15,03;14,39;14,67;20636400;13,696415
2013-07-16;14,57;15,34;14,57;15,28;9328500;14,265928
2013-07-17;15,36;15,96;15,29;15,89;13411100;14,835448
2013-07-18;15,94;16,1;15,33;15,47;10825700;14,443323
2013-07-19;15,35;16,08;15,26;15,97;11658700;14,910139
2013-07-22;16,09;16,129999;15,61;15,73;6141600;14,686066
2013-07-23;15,69;15,87;15,54;15,65;9298400;14,611375
2013-07-24;15,65;15,89;15,42;15,71;6205200;14,667393
2013-07-25;15,66;15,87;15,45;15,57;7069700;14,536683
2013-07-26;15,54;15,97;15,31;15,89;5884800;14,835448
2013-07-29;15,87;15,87;15,4;15,51;9020200;14,480666
2013-07-30;15,6;15,96;15,46;15,95;12798200;14,891466
2013-07-31;16;16,209999;15,83;15,93;7681500;14,872792
2013-08-01;15,94;16,280001;15,94;16,209999;10303300;15,13421
2013-08-02;16,15;16,469999;16,120001;16,34;8258600;15,255581
2013-08-05;16,33;16,33;15,89;16;8754100;14,938146
2013-08-06;15,99;16,25;15,82;16,18;6232000;15,106203
2013-08-07;16,15;16,15;15,85;15,95;4755000;14,891466
2013-08-08;16,07;16,309999;15,91;16,129999;7110400;15,059521
2013-08-09;16,09;16,16;15,96;15,98;4293800;14,919476
2013-08-12;15,88;16,059999;15,74;15,92;4882400;14,863458
2013-08-13;15,91;15,95;15,8;15,83;3615400;14,779429
2013-08-14;15,83;16,01;15,66;15,9;3940500;14,844784
2013-08-15;15,79;16,190001;15,7;16,1;5160000;15,03151
2013-08-16;16,040001;16,25;15,96;15,98;6373200;14,919476
2013-08-19;16,049999;16,059999;15,69;15,7;6123600;14,658057
2013-08-20;15,83;15,83;15,52;15,7;4265600;14,658057
2013-08-21;15,61;15,78;15,49;15,76;5040000;14,714075
2013-08-22;15,76;15,82;15,63;15,71;3731700;14,667393
2013-08-23;15,71;15,79;15,57;15,75;3981300;14,70474
2013-08-26;15,79;15,9;15,71;15,86;4125000;14,807439
2013-08-27;15,75;16;15,69;15,73;9059500;14,686066
2013-08-28;15,76;15,81;15,68;15,76;11099300;14,714075
2013-08-29;15,73;15,89;15,64;15,77;2795500;14,723411
2013-08-30;15,75;15,78;15,59;15,7;5386300;14,658057
2013-09-03;15,89;16,030001;15,69;15,78;3783600;14,732747
2013-09-04;15,79;16,08;15,76;16,030001;4992000;14,966157
2013-09-05;15,97;16,27;15,88;16,24;3521200;15,16222
2013-09-06;16,309999;16,34;16,08;16,190001;3358700;15,115539
2013-09-09;16,16;16,34;16,16;16,34;3668900;15,255581
2013-09-10;16,379999;16,57;16,25;16,549999;4292100;15,451646
2013-09-11;16,65;17,059999;16,5;17,049999;7562700;15,918464
2013-09-12;17,120001;17,26;16,940001;17,110001;4836500;15,974481
2013-09-13;17,059999;17,08;16,77;16,889999;2717700;15,769081
2013-09-16;17,120001;17,200001;16,780001;16,959999;5758300;15,834435
2013-09-17;17,030001;17,17;16,889999;17;2538500;15,871783
2013-09-18;16,99;17,18;16,84;17,049999;3862600;15,918464
2013-09-19;17,1;17,1;16,66;16,870001;3286100;15,75041
2013-09-20;16,92;17;16,469999;16,639999;4594000;15,535674
2013-09-23;16,620001;16,639999;16,370001;16,530001;2360000;15,432972
2013-09-24;16,530001;17,200001;16,5;17,040001;5611800;15,909126
2013-09-25;17,030001;17,040001;16,68;16,799999;4389700;15,685055
2013-09-26;16,77;16,870001;16,1;16,290001;12737900;15,208902
2013-09-27;16,1;16,25;15,99;16,17;7098300;15,096865
2013-09-30;16,200001;16,26;15,91;16,059999;6237900;14,994164
2013-10-01;16,049999;16,139999;15,8;15,91;8815300;14,854119
2013-10-02;15,85;16,27;15,7;16,139999;17758200;15,068854
2013-10-03;16,139999;16,25;15,79;15,87;17833500;14,816774
2013-10-04;15,84;16,01;15,79;15,84;13660000;14,788766
2013-10-07;15,7;15,98;15,69;15,91;8663200;14,854119
2013-10-08;15,51;15,98;15,51;15,8;4825300;14,751421
2013-10-09;15,8;15,95;15,75;15,88;4210300;14,826111
2013-10-10;15,98;16,25;15,94;16,219999;5506700;15,143544
2013-10-11;16,16;16,6;16,139999;16,41;5085700;15,320937
2013-10-14;16,309999;16,620001;16,23;16,559999;3606300;15,460983
2013-10-15;16,459999;16,67;16,42;16,58;4406800;15,479655
2013-10-16;16,719999;16,790001;16,57;16,780001;4511900;15,666383
2013-10-17;16,639999;16,809999;16,629999;16,799999;3972000;15,685055
2013-10-18;16,85;16,9;16,75;16,85;5809100;15,731738
2013-10-21;16,860001;16,98;16,790001;16,85;3107000;15,731738
2013-10-22;16,889999;17,059999;16,790001;17;7274300;15,871783
2013-10-23;16,799999;17,24;16,799999;17,110001;5145800;15,974481
2013-10-24;17,07;17,4;17,02;17,290001;4734900;16,142536
2013-10-25;17,549999;17,549999;17,09;17,15;6197900;16,011826
2013-10-28;17,120001;17,32;17,030001;17,290001;4131800;16,142536
2013-10-29;17,299999;17,51;17,24;17,459999;6582700;16,301252
2013-10-30;17,459999;17,51;17,309999;17,35;8031100;16,198553
2013-10-31;17,370001;17,77;17,34;17,6;4697900;16,431961
2013-11-01;17,620001;17,809999;17,450001;17,77;3714000;16,590679
2013-11-04;17,73;17,860001;17,67;17,76;2870800;16,581343
2013-11-05;17,57;17,85;17,48;17,68;3820200;16,506653
2013-11-06;17,73;17,82;17,35;17,41;3922700;16,254574
2013-11-07;17,51;17,620001;17,25;17,26;3888200;16,114525
2013-11-08;17,309999;17,620001;17,17;17,6;1787500;16,431961
2013-11-11;17,6;17,65;17,35;17,42;5387300;16,263908
2013-11-12;16,85;17,309999;16,719999;17,15;12944400;16,011826
2013-11-13;17,02;17,290001;16,950001;17,219999;3673400;16,077179
2013-11-14;17,24;17,379999;17,18;17,25;2920600;16,105188
2013-11-15;17,32;17,809999;17,32;17,76;4606300;16,581343
2013-11-18;17,77;17,82;17,370001;17,42;4431400;16,263908
2013-11-19;17,43;17,66;17,379999;17,48;2961800;16,319925
2013-11-20;17,540001;17,790001;17,450001;17,67;6256400;16,497316
2013-11-21;17,709999;17,75;17,540001;17,559999;4075000;16,394615
2013-11-22;17,610001;17,690001;17,5;17,549999;3624500;16,385277
2013-11-25;17,629999;17,68;17,360001;17,48;3397600;16,319925
2013-11-26;17,43;17,709999;17,370001;17,690001;5585700;16,515989
2013-11-27;17,66;17,940001;17,51;17,860001;5083300;16,674707
2013-11-29;17,85;17,969999;17,84;17,959999;1506100;16,768068
2013-12-02;17,92;17,969999;17,6;17,65;4610200;16,478642
2013-12-03;17,629999;17,629999;17,4;17,5;3120100;16,338598
2013-12-04;17,440001;17,620001;17,379999;17,58;2676000;16,413286
2013-12-05;16,540001;17,549999;16,540001;17,459999;2562600;16,301252
2013-12-06;17,66;17,860001;17,52;17,780001;4483700;16,600016
2013-12-09;17,889999;17,9;17,459999;17,52;4088800;16,357271
2013-12-10;17,49;17,719999;17,440001;17,639999;2618000;16,469307
2013-12-11;17,65;17,74;17,48;17,6;3255300;16,431961
2013-12-12;17,639999;17,66;17,49;17,49;4073000;16,32926
2013-12-13;17,49;17,700001;17,32;17,66;4320800;16,48798
2013-12-16;17,77;17,799999;17,58;17,77;1885100;16,590679
2013-12-17;17,57;17,57;17,17;17,35;4023000;16,198553
2013-12-18;17,299999;17,530001;17,07;17,5;2539200;16,338598
2013-12-19;17,41;17,469999;17,290001;17,360001;2475900;16,207891
2013-12-20;17,43;17,969999;17,309999;17,75;7055200;16,572006
2013-12-23;17,93;17,969999;17,73;17,9;1974600;16,712051
2013-12-24;17,959999;18,01;17,780001;17,9;683100;16,712051
2013-12-26;17,99;18,07;17,65;17,77;2259900;16,590679
2013-12-27;17,74;17,82;17,559999;17,73;2691300;16,553335
2013-12-30;17,780001;17,93;17,700001;17,91;1918400;16,721386
2013-12-31;17,98;18,09;17,84;18,02;2612000;16,824087
2014-01-02;18,049999;18,17;17,82;17,950001;3673400;16,758736
2014-01-03;17,93;18,01;17,780001;17,82;2016600;16,637358
2014-01-06;17,879999;17,959999;17,48;17,58;3388300;16,413286
2014-01-07;17,65;17,65;17,33;17,4;3266000;16,245232
2014-01-08;17,35;17,4;17,15;17,290001;4109600;16,142536
2014-01-09;17,379999;17,48;17,27;17,34;2852700;16,189217
2014-01-10;17,41;17,52;17,280001;17,4;2063700;16,245232
2014-01-13;17,41;17,440001;17,07;17,15;2655600;16,011826
2014-01-14;17,200001;17,35;17,129999;17,299999;1935000;16,151875
2014-01-15;17,24;17,33;17,1;17,209999;2209400;16,067846
2014-01-16;17,200001;17,26;17,049999;17,08;2833400;15,946471
2014-01-17;17,09;17,18;16,940001;17,08;2102700;15,946471
2014-01-21;17,15;17,15;16,690001;16,76;4664700;15,64771
2014-01-22;16,75;16,99;16,559999;16,65;3109900;15,545007
2014-01-23;16,5;16,58;16,360001;16,530001;3085400;15,432972
2014-01-24;16,27;16,33;16,01;16,17;6995600;15,096865
2014-01-27;16,25;16,559999;16,190001;16,389999;6241000;15,302263
2014-01-28;16,379999;16,459999;16,23;16,24;4468400;15,16222
2014-01-29;16,09;16,280001;16,01;16,219999;5574400;15,143544
2014-01-30;16,280001;16,299999;16,16;16,200001;9436500;15,124875
2014-01-31;16,139999;16,24;15,95;15,96;3040200;14,900802
2014-02-03;16;16,059999;15,48;15,52;4729900;14,490003
2014-02-04;15,55;15,72;15,44;15,52;8117500;14,490003
2014-02-05;15,56;15,9;15,55;15,61;5805700;14,574029
2014-02-06;15,64;16,110001;15,61;16,02;4984700;14,956819
2014-02-07;17,48;18;17,07;17,41;13191600;16,254574
2014-02-10;17,030001;17,59;16,969999;17,51;6085100;16,34794
2014-02-11;17,530001;18;17,41;17,93;6908500;16,740063
2014-02-12;17,93;18,049999;17,6;17,65;3310200;16,478642
2014-02-13;17,549999;17,82;17,41;17,66;2168600;16,48798
2014-02-14;17,620001;17,84;17,540001;17,68;1827600;16,506653
2014-02-18;17,719999;17,82;17,559999;17,75;2359300;16,572006
2014-02-19;17,700001;17,860001;17,559999;17,59;2217500;16,422625
2014-02-20;17,6;17,639999;17,309999;17,5;2549700;16,338598
2014-02-21;17,450001;17,76;17,440001;17,68;3193600;16,506653
2014-02-24;17,75;18,049999;17,74;17,940001;2473300;16,749399
2014-02-25;17,93;18,110001;17,9;17,959999;2396900;16,768068
2014-02-26;17,950001;18,139999;17,83;18,030001;2275700;16,833424
2014-02-27;17,950001;18,059999;17,860001;18,02;2363300;16,824087
2014-02-28;18,059999;18,4;17,92;18,33;2515100;17,113516
2014-03-03;18,190001;18,34;17,950001;18,120001;3592200;16,917452
2014-03-04;18,200001;18,41;18,15;18,4;3160600;17,178867
2014-03-05;18,43;18,530001;18,129999;18,299999;2321700;17,085506
2014-03-06;18,32;18,43;18,190001;18,280001;1897600;17,066833
2014-03-07;18,299999;18,360001;17,84;17,91;2501200;16,721386
2014-03-10;17,959999;18;17,709999;17,76;1937800;16,581343
2014-03-11;17,76;17,809999;17,52;17,709999;1971000;16,534662
2014-03-12;17,700001;17,889999;17,4;17,83;2782300;16,6467
2014-03-13;17,82;17,91;17,309999;17,34;2515200;16,189217
2014-03-14;17,370001;17,639999;17,25;17,43;2372300;16,273243
2014-03-17;17,549999;17,809999;17,290001;17,389999;1707100;16,235899
2014-03-18;17,42;17,74;17,379999;17,709999;3081100;16,534662
2014-03-19;17,67;17,799999;17,459999;17,549999;2405600;16,385277
2014-03-20;17,450001;17,57;17,32;17,51;1290800;16,34794
2014-03-21;17,73;17,73;17,33;17,58;4658500;16,413286
2014-03-24;17,6;17,67;17,389999;17,469999;2295500;16,310589
2014-03-25;17,57;17,59;17,27;17,360001;2258900;16,207891
2014-03-26;17,370001;17,42;17,02;17,030001;3216400;15,899792
2014-03-27;17,09;17,23;16,99;17,02;4109800;15,890456
2014-03-28;17,01;17,280001;17;17,030001;2012300;15,899792
2014-03-31;17,15;17,25;17;17,219999;2399300;16,077179
2014-04-01;17,34;17,5;17,200001;17,440001;3302700;16,282583
2014-04-02;17,4;17,52;17,27;17,440001;2373600;16,282583
2014-04-03;17,469999;17,52;17,09;17,110001;3712800;15,974481
2014-04-04;17,23;17,540001;17,110001;17,120001;2828900;15,983821
2014-04-07;17,110001;17,379999;17;17,08;3028700;15,946471
2014-04-08;17,18;17,209999;16,92;17,049999;2520200;15,918464
2014-04-09;17,059999;17,219999;16,959999;17,200001;1704500;16,058508
2014-04-10;17,23;17,32;16,83;16,83;2395300;15,713064
2014-04-11;16,780001;17,16;16,469999;16,540001;3203000;15,44231
2014-04-14;16,66;16,809999;16,5;16,77;2453400;15,657044
2014-04-15;16,780001;16,950001;16,32;16,629999;2191900;15,526336
2014-04-16;16,719999;16,9;16,450001;16,790001;1600400;15,67572
2014-04-17;16,719999;17,02;16,719999;16,879999;1113000;15,759748
2014-04-21;16,870001;17,040001;16,549999;16,950001;1777300;15,825099
2014-04-22;16,940001;17,049999;16,73;17,01;1297400;15,881115
2014-04-23;17,030001;17,24;16,93;17,23;1563300;16,086517
2014-04-24;17,290001;17,440001;17,01;17,280001;1958100;16,1332
2014-04-25;17,26;17,26;17,08;17,129999;1166800;15,993151
2014-04-28;17,17;17,219999;16,82;17,129999;1787100;15,993151
2014-04-29;17,25;17,42;17,110001;17,209999;2230200;16,067846
2014-04-30;17,200001;17,200001;16,780001;17,02;2780900;15,890456
2014-05-01;17,209999;17,389999;17,059999;17,299999;2417900;16,151875
2014-05-02;17,23;17,440001;17,02;17,309999;2118000;16,161207
2014-05-05;17,26;17,43;17,139999;17,4;1564200;16,245232
2014-05-06;17,32;17,34;17,129999;17,139999;1908900;16,002491
2014-05-07;17,139999;17,200001;16,92;17,08;2508800;15,946471
2014-05-08;17,09;17,17;16,879999;17,110001;3885700;15,974481
2014-05-09;17,51;18,02;17,27;18;4623900;16,805414
2014-05-12;18,049999;18,18;17,76;17,85;2926300;16,665371
2014-05-13;17,84;17,940001;17,65;17,719999;2205200;16,543997
2014-05-14;17,74;17,790001;17,17;17,190001;3964200;16,049171
2014-05-15;17,18;17,23;16,870001;16,870001;2974000;15,75041
2014-05-16;16,889999;17,1;16,67;17,049999;2826600;15,918464
2014-05-19;16,98;17,16;16,92;17,030001;1613300;15,899792
2014-05-20;16,98;17;16,66;16,75;3511200;15,638371
2014-05-21;16,790001;17,040001;16,77;16,91;3463200;15,787754
2014-05-22;16,98;17,219999;16,83;17,17;2657700;16,030499
2014-05-23;17,16;17,219999;17;17,09;3382000;15,955812
2014-05-27;17,129999;17,290001;17,059999;17,219999;1829500;16,077179
2014-05-28;17,190001;17,24;16,780001;17,110001;2019800;15,974481
2014-05-29;17,09;17,17;16,969999;17,120001;2734800;15,983821
2014-05-30;17,09;17,18;17,01;17,059999;2971600;15,927799
2014-06-02;17,1;17,33;17,030001;17,26;2176800;16,114525
2014-06-03;17,129999;17,48;17,129999;17,370001;1993700;16,217226
2014-06-04;17,299999;17,6;17,280001;17,469999;1802300;16,310589
2014-06-05;17,540001;17,74;17,33;17,719999;1616400;16,543997
2014-06-06;17,719999;17,92;17,6;17,690001;2294000;16,515989
2014-06-09;17,639999;17,940001;17,6;17,66;1958600;16,48798
2014-06-10;17,66;17,75;17,48;17,610001;1789300;16,441298
2014-06-11;17,629999;17,68;17,51;17,629999;1201800;16,45997
2014-06-12;17,559999;17,559999;17,299999;17,299999;7379600;16,151875
2014-06-13;17,379999;17,6;17,139999;17,23;2298500;16,086517
2014-06-16;17,139999;17,23;16,92;17,120001;2710500;15,983821
2014-06-17;17,059999;17,280001;17,01;17,25;1869200;16,105188
2014-06-18;17,25;17,58;17,190001;17,58;3342300;16,413286
2014-06-19;17,52;17,68;17,23;17,67;3407300;16,497316
2014-06-20;17,76;17,809999;17,34;17,629999;4562300;16,45997
2014-06-23;17,690001;17,709999;17,27;17,370001;3982900;16,217226
2014-06-24;17,379999;17,639999;17,190001;17,49;3323100;16,32926
2014-06-25;17,41;17,780001;17,26;17,709999;3172600;16,534662
2014-06-26;17,799999;18,030001;17,549999;18,02;6005500;16,824087
2014-06-27;17,9;18,08;17,809999;17,98;17508800;16,786741
2014-06-30;17,969999;18,120001;17,77;17,940001;3933100;16,749399
2014-07-01;18,02;18,18;16,719999;18,1;2928000;16,898781
2014-07-02;18,030001;18,299999;17,98;18,26;2973400;17,048162
2014-07-03;18,27;18,34;18,18;18,280001;1421400;17,066833
2014-07-07;18,24;18,25;18,09;18,120001;1954000;16,917452
2014-07-08;18,17;18,299999;17,99;18,139999;3532700;16,936127
2014-07-09;18,24;18,370001;18,110001;18,219999;4516800;17,010813
2014-07-10;18,1;18,129999;17,92;17,99;4187700;16,796078
2014-07-11;18;18,18;17,959999;18,09;2522200;16,889444
2014-07-14;18,190001;18,24;18,02;18,18;2144900;16,973467
2014-07-15;18,18;18,389999;18,129999;18,27;4050100;17,057497
2014-07-16;18,26;18,41;18,17;18,23;2717000;17,020149
2014-07-17;18,200001;18,24;18,040001;18,049999;2809400;16,852097
2014-07-18;18,120001;18,280001;18;18,219999;1713400;17,010813
2014-07-21;18,08;18,299999;18;18,129999;1932900;16,926786
2014-07-22;18,23;18,27;18,030001;18,1;1590100;16,898781
2014-07-23;18,040001;18,129999;17,92;18,110001;2878800;16,908113
2014-07-24;18,190001;18,309999;18,09;18,290001;2703200;17,07617
2014-07-25;18,25;18,290001;18,120001;18,139999;3757200;16,936127
2014-07-28;18,1;18,110001;17,9;18,059999;2637800;16,861431
2014-07-29;18,110001;18,200001;17,85;17,870001;3143200;16,684046
2014-07-30;17,9;18,030001;17,709999;17,85;3688900;16,665371
2014-07-31;17,77;17,93;17,620001;17,65;2700700;16,478642
2014-08-01;17,629999;17,85;17,58;17,77;2618600;16,590679
2014-08-04;17,799999;17,879999;17,610001;17,84;2317200;16,656034
2014-08-05;17,459999;17,809999;17,459999;17,65;2887400;16,478642
2014-08-06;17,6;17,709999;17,5;17,629999;2169500;16,45997
2014-08-07;17,719999;17,719999;17,370001;17,42;6681600;16,263908
2014-08-08;16,459999;17,27;16,33;17,15;13430800;16,011826
2014-08-11;17,17;17,459999;17,16;17,34;5998300;16,189217
2014-08-12;17,360001;17,5;17,219999;17,25;5013200;16,105188
2014-08-13;16,5;17,33;16,42;17,110001;4534300;15,974481
2014-08-14;17,17;17,32;17,129999;17,309999;1905800;16,161207
2014-08-15;17,360001;17,379999;17,15;17,25;2948800;16,105188
2014-08-18;17,27;17,41;17,15;17,200001;4254500;16,058508
2014-08-19;17,16;17,24;17,07;17,15;3164400;16,011826
2014-08-20;17,139999;17,5;17,08;17,450001;2803400;16,291918
2014-08-21;17,469999;17,6;17,389999;17,58;3522400;16,413286
2014-08-22;17,6;17,6;17,389999;17,49;2242800;16,32926
2014-08-25;17,549999;17,66;17,469999;17,66;1954000;16,48798
2014-08-26;17,709999;17,709999;17,59;17,620001;1349400;16,450636
2014-08-27;17,610001;17,68;17,540001;17,68;1802300;16,506653
2014-08-28;17,65;17,75;17,51;17,67;2239400;16,497316
2014-08-29;17,68;17,719999;17,540001;17,629999;2377200;16,45997
2014-09-02;17,65;17,74;17,42;17,43;4195600;16,273243
2014-09-03;17,52;17,639999;17,52;17,6;2224600;16,431961
2014-09-04;17,67;17,799999;17,57;17,6;1900400;16,431961
2014-09-05;17,540001;17,75;17,540001;17,75;2047200;16,572006
2014-09-08;17,700001;17,74;17,559999;17,620001;2089400;16,450636
2014-09-09;17,610001;17,620001;17,27;17,290001;2590900;16,142536
2014-09-10;17,27;17,51;17,200001;17,469999;1652100;16,310589
2014-09-11;17,41;17,469999;17,26;17,280001;1507600;16,1332
2014-09-12;17,27;17,27;17,049999;17,120001;1782300;15,983821
2014-09-15;17,15;17,290001;16,870001;17,049999;2548300;15,918464
2014-09-16;17,02;17,18;16,98;17,040001;1766900;15,909126
2014-09-17;17,030001;17,139999;16,91;17,040001;2411800;15,909126
2014-09-18;17,07;17,16;16,940001;17,030001;2598700;15,899792
2014-09-19;17,120001;17,25;17,02;17,219999;3239700;16,077179
2014-09-22;17,139999;17,219999;17,01;17,049999;2704200;15,918464
2014-09-23;16,98;17,09;16,92;16,92;3013400;15,797087
2014-09-24;16,889999;16,99;16,790001;16,91;2351800;15,787754
2014-09-25;16,780001;16,879999;16,68;16,709999;2239600;15,601026
2014-09-26;16,709999;17;16,690001;16,98;1981400;15,853106
2014-09-29;16,879999;16,959999;16,719999;16,799999;6009300;15,685055
2014-09-30;16,719999;16,77;16,33;16,35;9190600;15,264921
2014-10-01;16,27;16,34;15,95;15,98;8270600;14,919476
2014-10-02;16;16,07;15,68;15,81;5823600;14,760758
2014-10-03;15,88;15,99;15,85;15,91;6948700;14,854119
2014-10-06;15,96;16,049999;15,87;15,93;7170500;14,872792
2014-10-07;15,84;15,92;15,47;15,47;7976600;14,443323
2014-10-08;15,5;15,98;15,46;15,98;7541600;14,919476
2014-10-09;15,97;15,97;15,37;15,48;6348700;14,452657
2014-10-10;15,5;15,62;15,1;15,11;3119100;14,107212
2014-10-13;15,03;15,1;14,63;14,64;4396100;13,668405
2014-10-14;14,77;15,05;14,74;14,79;3988300;13,808451
2014-10-15;14,51;14,96;14,47;14,7;5606900;13,724422
2014-10-16;14,42;14,83;14,28;14,6;9051800;13,63106
2014-10-17;14,77;14,94;14,58;14,71;4851300;13,733759
2014-10-20;14,83;14,91;14,6;14,9;4289900;13,911151
2014-10-21;15;15,47;15;15,41;4518900;14,387303
2014-10-22;15,39;15,66;15,25;15,26;6159900;14,247257
2014-10-23;15,54;15,63;15,39;15,51;2345900;14,480666
2014-10-24;15,5;15,76;15,48;15,73;2193600;14,686066
2014-10-27;15,71;15,71;15,38;15,46;2684400;14,433985
2014-10-28;15,47;15,57;15,37;15,53;2926500;14,499339
2014-10-29;15,48;15,65;15,42;15,53;1923200;14,499339
2014-10-30;15,44;15,61;15,35;15,49;2491700;14,461993
2014-10-31;15,74;15,8;15,29;15,48;4080400;14,452657
2014-11-03;15,77;15,78;15,43;15,56;2643600;14,527349
2014-11-04;15,49;15,65;15,07;15,15;4750700;14,144558
2014-11-05;15,28;15,45;15,15;15,3;2763800;14,284605
2014-11-06;15,84;15,91;15,32;15,33;9514200;14,312613
2014-11-07;15,27;15,41;15,14;15,15;4958200;14,144558
2014-11-10;15,13;15,3;15,08;15,24;4361500;14,228586
2014-11-11;15,26;15,38;15,15;15,24;4077000;14,228586
2014-11-12;15,18;15,43;15,18;15,27;3882000;14,256596
2014-11-13;15,33;15,33;14,85;14,99;8896600;13,995176
2014-11-14;14,95;15,2;14,93;15,2;2692400;14,191238
2014-11-17;15,19;15,24;14,92;15,04;7164200;14,041858
2014-11-18;14,98;15,12;14,96;15,01;6601000;14,013849
2014-11-19;15,04;15,22;14,91;15,19;10770900;14,181901
2014-11-20;14,69;15,21;14,68;15,14;7643600;14,135221
2014-11-21;15,32;15,36;15,08;15,17;5263400;14,163231
2014-11-24;15,33;15,53;15,07;15,46;7758000;14,433985
2014-11-25;15,56;15,58;15,41;15,45;4557100;14,424648
2014-11-26;15,45;15,69;15,41;15,68;3861900;14,639384
2014-11-28;15,7;15,7;15,47;15,52;1813000;14,490003
2014-12-01;15,67;15,69;15,41;15,56;3461000;14,527349
2014-12-02;15,6;15,78;15,49;15,74;3297100;14,695402
2014-12-03;15,72;15,81;15,62;15,79;4387400;14,742084
2014-12-04;15,72;15,83;15,59;15,71;3567100;14,667393
2014-12-05;15,71;15,84;15,63;15,82;3263700;14,770091
2014-12-08;15,81;15,82;15,46;15,5;4257100;14,471331
2014-12-09;15,37;15,7;15,36;15,69;3624100;14,64872
2014-12-10;15,61;15,65;15,31;15,34;3756400;14,321948
2014-12-11;15,6;15,6;15,23;15,33;3718800;14,312613
2014-12-12;15,19;15,29;15,05;15,05;3817800;14,051194
2014-12-15;15,09;15,18;14,74;14,76;3608400;13,780441
2014-12-16;14,78;15,11;14,63;14,63;4151300;13,659068
2014-12-17;14,63;14,93;14,59;14,89;3573300;13,901814
2014-12-18;15,13;15,34;14,94;15,02;4005600;14,023186
2014-12-19;15,06;15,28;15,06;15,22;6995400;14,209913
2014-12-22;15,27;15,49;15,16;15,38;3942500;14,359295
2014-12-23;15,41;15,67;15,34;15,61;2341300;14,574029
2014-12-24;15,68;15,68;15,3;15,48;1496000;14,452657
2014-12-26;15,55;15,61;15,51;15,57;1733300;14,536683
2014-12-29;15,59;15,78;15,57;15,74;2359800;14,695402
2014-12-30;15,6;15,86;15,53;15,77;2999700;14,723411
2014-12-31;15,78;15,93;15,69;15,69;2476500;14,64872
2015-01-02;15,82;15,91;15,41;15,59;3023100;14,555356
2015-01-05;15,45;15,55;15,08;15,12;4016900;14,116549
2015-01-06;15,1;15,2;14,76;14,91;4330200;13,920485
2015-01-07;15,04;15,04;14,68;14,87;2516600;13,883141
2015-01-08;15,05;15,39;14,83;15,34;4637100;14,321948
2015-01-09;15,29;15,43;15,24;15,41;2470400;14,387303
2015-01-12;15,39;15,43;15,12;15,28;3185200;14,265928
2015-01-13;15,35;15,41;15,07;15,23;3781600;14,219248
2015-01-14;15,15;15,21;14,72;15,1;4810200;14,097878
2015-01-15;15,2;15,35;14,95;15,01;2692400;14,013849
2015-01-16;14,99;15,12;14,97;15,06;1622000;14,060533
2015-01-20;15,12;15,13;14,74;14,93;2922100;13,939158
2015-01-21;14,91;15;14,76;14,95;3523600;13,957831
2015-01-22;15,01;15,25;14,84;15,2;2155900;14,191238
2015-01-23;15,19;15,33;15,08;15,18;2011100;14,172568
2015-01-26;15,16;15,54;15,1;15,54;1898000;14,508676
2015-01-27;15,66;15,67;15,34;15,45;2682800;14,424648
2015-01-28;15,49;15,51;15,14;15,14;2522900;14,135221
2015-01-29;15,13;15,23;14,75;14,93;2693600;13,939158
2015-01-30;14,83;15,11;14,76;14,89;3106000;13,901814
2015-02-02;14,94;15,11;14,71;14,94;3397500;13,948494
2015-02-03;15,05;15,69;15,04;15,61;3703200;14,574029
2015-02-04;15,64;15,68;15,42;15,59;2873700;14,555356
2015-02-05;15,58;15,75;15,43;15,73;3814900;14,686066
2015-02-06;16,1;16,35;15,95;16,26;7022500;15,180893
2015-02-09;16,23;16,780001;16,23;16,719999;7034500;15,610363
2015-02-10;16,76;16,83;16,290001;16,77;4231600;15,657044
2015-02-11;16,77;16,870001;16,67;16,76;3838300;15,64771
2015-02-12;16,48;16,99;16,48;16,84;2443300;15,722401
2015-02-13;16,92;17,049999;16,82;16,889999;3057400;15,769081
2015-02-17;16,889999;17,110001;16,809999;17,110001;2517100;15,974481
2015-02-18;17,030001;17,08;16,879999;16,959999;3488600;15,834435
2015-02-19;16,969999;17,049999;16,85;17,040001;1644500;15,909126
2015-02-20;17;17,200001;16,809999;17,139999;2040100;16,002491
2015-02-23;17,120001;17,33;17,01;17,32;2129400;16,170544
2015-02-24;17,18;17,43;17,15;17,290001;2492000;16,142536
2015-02-25;17,24;17,549999;17,24;17,440001;2379900;16,282583
2015-02-26;17,469999;17,52;17,24;17,33;2004500;16,17988
2015-02-27;17,32;17,42;17,219999;17,27;2543100;16,123865
2015-03-02;17,33;17,52;17,24;17,440001;2466100;16,282583
2015-03-03;17,389999;17,43;17,190001;17,209999;2903000;16,067846
2015-03-04;17,16;17,219999;16,950001;17,09;2869300;15,955812
2015-03-05;17,219999;17,219999;17,040001;17,1;2192600;15,965145
2015-03-06;17;17,219999;16,76;16,83;2489400;15,713064
2015-03-09;16,93;16,98;16,639999;16,68;3202700;15,573018
2015-03-10;16,559999;16,67;16,219999;16,23;5368300;15,152883
2015-03-11;16,219999;16,469999;16,190001;16,4;2529400;15,311601
2015-03-12;16,52;16,82;16,469999;16,75;2149400;15,638371
2015-03-13;16,67;16,77;16,440001;16,700001;2763000;15,591692
2015-03-16;16,809999;16,92;16,690001;16,92;2049800;15,797087
2015-03-17;16,780001;16,860001;16,629999;16,75;1460200;15,638371
2015-03-18;16,59;16,959999;16,57;16,889999;2186000;15,769081
2015-03-19;16,82;16,83;16,51;16,690001;2566500;15,582355
2015-03-20;16,76;16,98;16,76;16,84;3670500;15,722401
2015-03-23;16,82;16,99;16,82;16,879999;2144300;15,759748
2015-03-24;16,84;16,889999;16,719999;16,77;2552900;15,657044
2015-03-25;16,879999;16,879999;16,42;16,42;1884400;15,330273
2015-03-26;16,32;16,32;16,110001;16,18;3618600;15,106203
2015-03-27;16,110001;16,25;16,09;16,15;2420700;15,078192
2015-03-30;16,219999;16,450001;16,16;16,219999;2205000;15,143544
2015-03-31;16,16;16,23;15,98;16,01;2785300;14,947484
2015-04-01;16,030001;16,129999;15,88;16,110001;2807300;15,040847
2015-04-02;16,09;16,23;16,01;16,18;1720000;15,106203
2015-04-06;16,040001;16,389999;16,030001;16,25;1196200;15,171554
2015-04-07;16,18;16,34;16,120001;16,120001;1261400;15,050183
2015-04-08;16,16;16,27;16,01;16,059999;1756200;14,994164
2015-04-09;16,030001;16,110001;15,84;15,94;1925700;14,882128
2015-04-10;15,94;16,02;15,86;15,92;3884700;14,863458
2015-04-13;15,93;16,1;15,89;16,07;1774700;15,003502
2015-04-14;16,040001;16,190001;15,98;15,98;1993000;14,919476
2015-04-15;15,97;16,08;15,94;15,95;4011100;14,891466
2015-04-16;15,87;16,139999;15,68;15,89;3488400;14,835448
2015-04-17;15,71;15,79;15,54;15,59;3227300;14,555356
2015-04-20;15,67;15,74;15,57;15,65;2427200;14,611375
2015-04-21;15,66;15,74;15,51;15,52;1906100;14,490003
2015-04-22;15,54;15,64;15,41;15,56;4363500;14,527349
2015-04-23;15,51;15,64;15,44;15,56;2628500;14,527349
2015-04-24;15,53;15,66;15,43;15,53;1681500;14,499339
2015-04-27;15,59;15,86;15,55;15,57;2900600;14,536683
2015-04-28;15,59;16;15,51;15,97;3971800;14,910139
2015-04-29;15,9;15,99;15,77;15,79;3211000;14,742084
2015-04-30;15,72;15,88;15,66;15,78;4276000;14,732747
2015-05-01;15,9;16,08;15,89;16,049999;2537000;14,984827
2015-05-04;16,049999;16,190001;15,94;16,17;2291400;15,096865
2015-05-05;16,129999;16,27;15,92;16,02;5742300;14,956819
2015-05-06;15,05;15,33;14,82;14,99;11731400;13,995176
2015-05-07;15,01;15,02;14,82;14,97;7108400;13,976503
2015-05-08;15,09;15,22;15,03;15,14;3376100;14,135221
2015-05-11;15,12;15,92;15,12;15,71;7703000;14,667393
2015-05-12;15,6;15,6;15,28;15,35;4116200;14,331286
2015-05-13;15,32;15,5;15,21;15,26;3045900;14,247257
2015-05-14;15,38;15,44;15,13;15,39;3264900;14,36863
2015-05-15;15,35;15,59;15,31;15,55;2960500;14,518013
2015-05-18;15,56;15,69;15,38;15,68;3538500;14,639384
2015-05-19;15,67;15,7;15,54;15,68;2719300;14,639384
2015-05-20;15,67;15,74;15,6;15,63;2039400;14,592704
2015-05-21;15,58;15,69;15,52;15,63;1579100;14,592704
2015-05-22;15,63;15,66;15,5;15,54;2800100;14,508676
2015-05-26;15,55;15,64;15,26;15,34;2740700;14,321948
2015-05-27;15,4;15,57;15,31;15,44;2706200;14,415311
2015-05-28;15,37;15,41;15,26;15,35;3222200;14,331286
2015-05-29;15,31;15,4;15,15;15,15;2048600;14,144558
2015-06-01;15,2;15,47;15,01;15,23;2371800;14,219248
2015-06-02;15,16;15,27;15,08;15,16;1541600;14,153894
2015-06-03;15,22;15,3;15,1;15,22;1751400;14,209913
2015-06-04;15,17;15,23;14,97;15;2167800;14,004514
2015-06-05;15,01;15,06;14,85;15;1913600;14,004514
2015-06-08;14,93;14,98;14,82;14,84;1731500;13,855133
2015-06-09;14,81;14,85;14,54;14,56;2793300;13,593716
2015-06-10;14,58;14,77;14,57;14,65;2368300;13,677739
2015-06-11;14,66;14,7;14,55;14,58;2224200;13,612387
2015-06-12;14,51;14,58;14,37;14,41;2247800;13,453669
2015-06-15;14,33;14,38;14,2;14,2;3712500;13,257606
2015-06-16;14,2;14,28;14,17;14,2;2405200;13,257606
2015-06-17;14,26;14,34;14,17;14,22;2558200;13,276278
2015-06-18;14,41;14,62;14,39;14,54;5027700;13,57504
2015-06-19;14,47;14,99;14,47;14,97;5635500;13,976503
2015-06-22;15,01;15,15;14,9;15,05;2044500;14,051194
2015-06-23;15,09;15,16;14,98;14,99;2537400;13,995176
2015-06-24;14,98;15,12;14,81;14,83;2491700;13,845795
2015-06-25;14,82;14,91;14,68;14,75;3139500;13,771104
2015-06-26;14,81;15,2;14,65;15,2;12078800;14,191238
2015-06-29;15,04;15,11;14,44;14,45;3593200;13,491014
2015-06-30;14,53;14,63;14,33;14,59;4457000;13,621723
2015-07-01;14,73;14,81;14,54;14,64;2384000;13,668405
2015-07-02;14,69;14,99;14,56;14,6;2998600;13,63106
2015-07-06;14,45;14,53;14,24;14,3;2853000;13,350968
2015-07-07;14,34;14,4;14,04;14,35;3163500;13,397652
2015-07-08;14,25;14,33;14,12;14,16;2478800;13,220261
2015-07-09;14,31;14,41;14,14;14,18;2074200;13,238935
2015-07-10;14,29;14,38;14,13;14,25;1638300;13,304286
2015-07-13;14,32;14,51;14,21;14,43;2069500;13,472342
2015-07-14;14,39;14,47;14,32;14,43;2159800;13,472342
2015-07-15;14,41;14,54;14,35;14,43;1885700;13,472342
2015-07-16;14,56;14,71;14,51;14,66;1713300;13,687078
2015-07-17;14,63;14,84;14,55;14,81;3646600;13,827123
2015-07-20;14,81;14,92;14,72;14,9;2080200;13,911151
2015-07-21;14,87;14,91;14,58;14,58;3015600;13,612387
2015-07-22;14,55;14,73;14,48;14,61;3084400;13,640396
2015-07-23;14,59;14,76;14,5;14,72;2878200;13,743095
2015-07-24;14,71;14,89;14,57;14,86;4045500;13,873802
2015-07-27;15,07;15,08;14,71;14,83;4297900;13,845795
2015-07-28;14,86;14,86;14,46;14,79;2679100;13,808451
2015-07-29;14,72;14,88;14,66;14,83;3024800;13,845795
2015-07-30;14,82;14,82;14,6;14,8;2129400;13,817785
2015-07-31;14,88;14,94;14,71;14,73;2621800;13,752432
2015-08-03;14,76;14,77;14,47;14,54;2265500;13,57504
2015-08-04;14,56;14,77;14,51;14,56;1863000;13,593716
2015-08-05;14,67;14,67;14,51;14,6;3079100;13,63106
2015-08-06;14,56;14,6;13,73;14,02;3733800;13,089552
2015-08-07;14,06;14,14;13,78;14,11;3427200;13,173578
2015-08-10;14,2;14,38;14,07;14,35;2328700;13,397652
2015-08-11;14,28;14,29;13,87;13,96;3066200;13,033534
2015-08-12;13,68;14,26;13,59;14,12;4379800;13,182914
2015-08-13;15,23;15,92;14,8;15,19;8863900;14,181901
2015-08-14;15,25;15,35;15,08;15,18;4415900;14,172568
2015-08-17;15,1;15,3;15,09;15,25;3251300;14,23792
2015-08-18;15,24;15,28;15,07;15,13;2297700;14,125886
2015-08-19;15,08;15,3;14,89;15,03;2317700;14,032522
2015-08-20;14,87;14,87;14,25;14,26;3599300;13,313625
2015-08-21;14,22;14,35;13,91;13,91;4667000;12,986851
2015-08-24;13,1;13,58;12,67;13,04;11162600;12,174588
2015-08-25;13,31;13,65;12,93;12,94;7805400;12,081225
2015-08-26;13,26;13,47;12,86;13,22;5347600;12,342646
2015-08-27;13,41;13,67;13,3;13,62;7053600;12,716097
2015-08-28;13,57;13,89;13,5;13,8;4005000;12,884151
2015-08-31;13,75;13,8;13,45;13,63;3669700;12,725435
2015-09-01;13,31;13,36;12,98;13,07;4956600;12,2026
2015-09-02;13,28;13,58;12,96;13,13;3997800;12,258617
2015-09-03;12,92;13,49;12,92;13,32;3653700;12,436008
2015-09-04;13,08;13,16;12,81;12,82;3948400;11,96919
2015-09-08;13,09;13,36;12,98;13,35;3549800;12,464016
2015-09-09;13,51;13,66;13,14;13,22;3928700;12,342646
2015-09-10;13,14;13,31;12,98;13,01;4029200;12,146582
2015-09-11;12,93;13,06;12,85;13,05;3705600;12,183927
2015-09-14;12,99;12,99;12,74;12,81;2884100;12,052209
2015-09-15;12,88;12,97;12,82;12,94;2731200;12,174517
2015-09-16;12,79;13,06;12,79;13,04;3953200;12,268601
2015-09-17;12,8;13,48;12,76;13,21;6287000;12,428545
2015-09-18;13,03;13,18;12,79;12,92;21641100;12,155701
2015-09-21;12,96;13,23;12,88;12,93;3538500;12,165111
2015-09-22;12,75;12,95;12,7;12,79;3437300;12,033391
2015-09-23;12,83;12,88;12,65;12,75;2352300;11,995758
2015-09-24;12,68;12,89;12,63;12,83;3164100;12,071025
2015-09-25;12,92;12,92;12,68;12,75;2808000;11,995758
2015-09-28;12,67;12,94;12,26;12,29;4174500;11,562969
2015-09-29;12,28;12,46;12,16;12,26;5347200;11,534744
2015-09-30;12,32;12,65;12,16;12,62;3129600;11,873448
2015-10-01;12,77;12,95;12,53;12,73;3589000;11,97694
2015-10-02;12,52;13,05;12,35;13,04;3198000;12,268601
2015-10-05;13,34;13,46;13,18;13,41;4380500;12,616714
2015-10-06;13,42;13,61;13,29;13,5;2720500;12,701389
2015-10-07;13,62;13,8;13,44;13,63;4490700;12,823701
2015-10-08;13,61;14,06;13,61;14,05;2959300;13,218855
2015-10-09;14;14,12;13,77;13,96;4233900;13,134178
2015-10-12;13,98;14,04;13,8;13,91;2067700;13,087136
2015-10-13;13,85;14,03;13,77;13,91;3003000;13,087136
2015-10-14;13,94;14,08;13,84;13,98;3506600;13,152995
2015-10-15;14,08;14,32;13,91;14,29;4286100;13,444657
2015-10-16;14,36;14,61;14,1;14,59;3246700;13,726911
2015-10-19;14,55;14,66;14,41;14,58;2978400;13,717501
2015-10-20;14,58;14,67;14,46;14,57;2138000;13,708093
2015-10-21;14,65;14,65;14,23;14,24;2530300;13,397614
2015-10-22;14,38;14,71;14,28;14,69;2767400;13,820994
2015-10-23;14,73;15,02;14,63;15;3998600;14,112655
2015-10-26;15,01;15,04;14,41;14,71;4310700;13,839811
2015-10-27;14,64;14,7;14,43;14,69;3421300;13,820994
2015-10-28;14,73;15,01;14,5;15;3318900;14,112655
2015-10-29;14,89;15,18;14,89;15,12;3649900;14,225558
2015-10-30;15,1;15,44;14,94;15,4;4694100;14,488993
2015-11-02;15,36;15,68;15,17;15,63;4125900;14,705386
2015-11-03;15,64;15,64;15,32;15,41;2829300;14,498402
2015-11-04;15,5;15,53;15,26;15,44;3210800;14,526626
2015-11-05;15,43;15,53;15,19;15,35;3084200;14,441953
2015-11-06;15,59;15,59;14,7;14,88;4490400;13,999755
2015-11-09;14,57;14,76;14,28;14,42;4350500;13,566967
2015-11-10;14,35;14,53;14,28;14,44;3031500;13,585784
2015-11-11;14,42;14,52;14,33;14,38;2257500;13,529334
2015-11-12;14,26;14,37;14,09;14,11;3368400;13,275304
2015-11-13;14,12;14,33;13,78;13,78;3176500;12,964828
2015-11-16;13,79;14,15;13,76;14,14;3065300;13,30353
2015-11-17;14,14;14,31;14,02;14,14;2671000;13,30353
2015-11-18;14,16;14,29;14,07;14,27;2565600;13,425839
2015-11-19;14,29;14,31;14,08;14,19;2509800;13,350573
2015-11-20;14,26;14,42;14,03;14,26;2710000;13,416432
2015-11-23;14,03;14,49;13,97;14,32;1784900;13,472882
2015-11-24;14,26;14,45;14,21;14,43;2248400;13,576374
2015-11-25;14,44;14,49;14,31;14,43;1732700;13,576374
2015-11-27;14,44;14,44;14,19;14,25;938800;13,407023
2015-11-30;14,3;14,43;14,14;14,35;2252200;13,501109
2015-12-01;14,47;14,66;14,38;14,63;2262100;13,764544
2015-12-02;14,59;14,62;14,37;14,41;2567300;13,557558
2015-12-03;14,41;14,51;13,59;13,78;3799700;12,964828
2015-12-04;13,79;14,09;13,71;14,06;1915600;13,228264
2015-12-07;14;14,05;13,83;13,87;2559100;13,049501
2015-12-08;14,01;14,01;13,47;13,5;2554300;12,701389
2015-12-09;13,46;13,79;13,39;13,5;2181100;12,701389
2015-12-10;13,48;13,88;13,46;13,75;3208400;12,936601
2015-12-11;13,55;13,61;13,26;13,32;2198400;12,532039
2015-12-14;13,36;13,41;13,12;13,26;2651200;12,475589
2015-12-15;13,39;13,62;13,33;13,46;1891400;12,663756
2015-12-16;13,59;13,77;13,47;13,67;3077600;12,861334
2015-12-17;13,68;13,73;13,35;13,36;2510300;12,569672
2015-12-18;13,27;13,39;13,15;13,18;4357900;12,400321
2015-12-21;13,27;13,38;13,13;13,36;2291200;12,569672
2015-12-22;13,44;13,49;13,27;13,31;2899500;12,52263
2015-12-23;13,43;13,73;13,39;13,7;3562700;12,889559
2015-12-24;13,46;13,84;13,32;13,62;994300;12,814291
2015-12-28;13,51;13,63;13,32;13,52;1768600;12,720208
2015-12-29;13,63;13,81;13,52;13,72;1720200;12,908377
2015-12-30;13,67;13,75;13,45;13,52;1811700;12,720208
2015-12-31;13,5;13,55;13,35;13,36;1899300;12,569672
2016-01-04;13,12;13,21;13,01;13,21;3980000;12,428545
2016-01-05;13,26;13,32;12,69;12,77;4867700;12,014574
2016-01-06;12,53;12,82;12,48;12,71;3682000;11,958125
2016-01-07;12,44;12,61;12,39;12,42;3197100;11,685279
2016-01-08;12,56;12,71;12,42;12,58;4502000;11,835814
2016-01-11;12,4;12,64;12,06;12,21;5272200;11,487701
2016-01-12;12,35;12,48;12,22;12,43;3800600;11,694688
2016-01-13;12,51;12,54;12,08;12,19;4484900;11,468885
2016-01-14;12,29;12,81;12,18;12,71;5457800;11,958125
2016-01-15;12,36;12,73;12,25;12,51;6232000;11,769955
2016-01-19;12,67;12,67;12,12;12,35;4828700;11,61942
2016-01-20;12,12;12,28;11,8;12,15;4935200;11,431252
2016-01-21;12,15;12,58;12,05;12,37;3375200;11,638237
2016-01-22;12,7;12,72;12,53;12,7;2533100;11,948715
2016-01-25;12,66;12,73;12,46;12,5;3245900;11,760548
2016-01-26;12,57;12,8;12,41;12,8;2480000;12,042801
2016-01-27;12,68;12,96;12,6;12,7;3398400;11,948715
2016-01-28;12,96;12,96;12,54;12,84;4184700;12,080433
2016-01-29;12,89;13,05;12,67;12,97;4118500;12,202744
2016-02-01;13,1;13,1;12,5;12,7;4617500;11,948715
2016-02-02;12,55;12,68;12,07;12,12;3915800;11,403025
2016-02-03;12,26;12,65;11,94;12,24;3775900;11,515926
2016-02-04;12,22;12,5;12,16;12,21;6302000;11,487701
2016-02-05;11,43;11,79;10,96;11,1;9924600;10,443365
2016-02-08;10,97;11,09;10,26;10,56;6769000;9,93531
2016-02-09;10,37;10,65;10,29;10,49;5450100;9,869451
2016-02-10;10,52;10,77;10,47;10,6;5478400;9,972943
2016-02-11;10,44;10,48;10,21;10,4;4924300;9,784774
2016-02-12;10,53;10,99;10,47;10,75;4348100;10,114069
2016-02-16;10,92;11,1;10,64;10,94;4088800;10,29283
2016-02-17;11,02;11,27;10,93;11;3483800;10,34928
2016-02-18;11,02;11,05;10,83;10,85;3177300;10,208155
2016-02-19;10,8;11,06;10,75;10,92;4886400;10,274014
2016-02-22;11,04;11,19;11,02;11,1;2634400;10,443365
2016-02-23;11,02;11,17;10,88;10,89;4069900;10,24579
2016-02-24;10,49;10,86;10,49;10,79;5656500;10,151703
2016-02-25;10,81;10,88;10,58;10,87;3211900;10,226972
2016-02-26;10,95;11,04;10,82;10,92;2657400;10,274014
2016-02-29;10,91;11,17;10,8;10,82;3483100;10,179929
2016-03-01;10,9;10,94;10,69;10,77;4231700;10,132888
2016-03-02;10,73;10,94;10,71;10,89;6110900;10,24579
2016-03-03;10,89;10,97;10,77;10,91;7581100;10,264604
2016-03-04;10,92;11,13;10,83;11;10888200;10,34928
2016-03-07;10,87;11,35;10,84;11,31;5735500;10,738566
2016-03-08;11,22;11,27;10,87;10,92;3562500;10,368271
2016-03-09;11;11,35;10,88;11,09;6572000;10,529681
2016-03-10;11,17;11,19;10,87;11,09;6216600;10,529681
2016-03-11;11,25;11,77;11,05;11,75;5102200;11,156335
2016-03-14;11,69;11,92;11,35;11,56;3136400;10,975934
2016-03-15;11,51;11,62;11,34;11,57;2613700;10,985429
2016-03-16;11,53;12,13;11,53;12,06;7135200;11,450672
2016-03-17;12,07;12,66;12,07;12,44;6206600;11,811473
2016-03-18;12,49;12,59;12,21;12,31;4493300;11,688041
2016-03-21;12,29;12,44;12,18;12,38;2459200;11,754503
2016-03-22;12,33;12,65;12,3;12,64;3985900;12,001368
2016-03-23;12,61;12,75;12,52;12,54;6079700;11,90642
2016-03-24;12,44;12,54;12,29;12,5;3301000;11,868441
2016-03-28;12,52;12,86;12,49;12,85;3674100;12,200758
2016-03-29;12,82;12,9;12,61;12,86;3073300;12,210253
2016-03-30;12,94;12,94;12,63;12,75;2631100;12,10581
2016-03-31;12,74;12,88;12,61;12,77;2351000;12,124799
2016-04-01;12,68;13,05;12,51;13,03;3538800;12,371662
2016-04-04;13;13,06;12,74;12,76;3024700;12,115306
2016-04-05;12,69;12,87;12,53;12,61;2933300;11,972884
2016-04-06;12,66;12,81;12,49;12,77;3254600;12,124799
2016-04-07;12,73;12,85;12,46;12,59;6162900;11,953895
2016-04-08;12,69;12,69;12,33;12,41;2661000;11,78299
2016-04-11;12,42;12,49;12,29;12,29;2524900;11,669051
2016-04-12;12,35;12,55;12,26;12,47;2251100;11,839957
2016-04-13;12,54;12,71;12,49;12,7;1852100;12,058336
2016-04-14;12,75;12,86;12,71;12,73;1733900;12,086821
2016-04-15;12,73;12,75;12,59;12,7;1519300;12,058336
2016-04-18;12,59;12,65;12,43;12,46;5917900;11,830462
2016-04-19;12,46;12,68;12,39;12,54;3525400;11,90642
2016-04-20;12,56;12,67;12,48;12,54;3392000;11,90642
2016-04-21;12,54;12,91;12,49;12,74;4207700;12,096316
2016-04-22;12,76;12,91;12,73;12,8;2667700;12,153284
2016-04-25;12,76;12,82;12,52;12,62;1687400;11,982378
2016-04-26;12,64;12,84;12,55;12,79;1248600;12,143789
2016-04-27;12,79;12,88;12,58;12,67;1403000;12,029852
2016-04-28;12,6;12,79;12,5;12,54;1763200;11,90642
2016-04-29;12,48;12,58;12,22;12,42;1964300;11,792483
2016-05-02;12,45;12,69;12,39;12,61;1925400;11,972884
2016-05-03;12,49;12,53;12,18;12,23;2713400;11,612082
2016-05-04;12,16;12,31;12,07;12,15;2163200;11,536124
2016-05-05;12,22;12,23;12,07;12,17;2325900;11,555114
2016-05-06;11,83;12,73;11,83;12,7;5245400;12,058336
2016-05-09;12,46;12,67;12,08;12,28;3979700;11,659557
2016-05-10;12,34;12,36;12,14;12,32;2155500;11,697535
2016-05-11;12,24;12,32;12,18;12,2;1849200;11,583599
2016-05-12;12,23;12,27;11,89;11,94;2406300;11,336734
2016-05-13;11,93;12,01;11,65;11,65;1880400;11,061387
2016-05-16;11,66;11,77;11,62;11,75;2468500;11,156335
2016-05-17;11,74;11,91;11,65;11,69;2549600;11,099366
2016-05-18;11,86;11,86;11,31;11,61;6814100;11,023408
2016-05-19;11,52;11,65;11,48;11,52;3322200;10,937956
2016-05-20;11,57;11,92;11,53;11,85;2584000;11,251284
2016-05-23;11,84;11,96;11,57;11,7;1530300;11,108861
2016-05-24;11,8;11,88;11,71;11,81;1818500;11,213304
2016-05-25;11,85;12,09;11,83;12,03;1484800;11,422188
2016-05-26;12;12,06;11,85;11,86;1309000;11,260776
2016-05-27;11,86;11,95;11,74;11,91;2892800;11,30825
2016-05-31;11,91;12;11,76;11,96;2956500;11,355724
2016-06-01;11,91;12,07;11,83;12,02;2448200;11,412693
2016-06-02;11,99;12,14;11,93;12,14;2744300;11,526631
2016-06-03;12,08;12,08;11,81;11,97;1735800;11,365221
2016-06-06;11,99;12,21;11,96;12,16;1380200;11,54562
2016-06-07;12,13;12,19;11,81;11,87;4646900;11,270273
2016-06-08;11,87;11,94;11,76;11,8;3310100;11,203809
2016-06-09;11,74;11,82;11,6;11,69;6365300;11,099366
2016-06-10;11,6;11,62;11,31;11,51;6729800;10,928461
2016-06-13;11,48;11,73;11,43;11,55;3840800;10,966439
2016-06-14;11,53;11,62;11,25;11,45;6751000;10,871492
2016-06-15;11,39;11,87;11,39;11,67;4401600;11,080378
2016-06-16;11,58;11,66;11,3;11,4;2948000;10,824018
2016-06-17;11,38;11,4;11,2;11,28;3089000;10,710081
2016-06-20;11,41;11,55;11,31;11,41;2343800;10,833513
2016-06-21;11,41;11,56;11,26;11,55;2933900;10,966439
2016-06-22;11,57;11,83;11,54;11,66;2196400;11,070883
2016-06-23;11,79;12,04;11,76;11,86;2370100;11,260776
2016-06-24;11,3;11,33;11,07;11,13;5339700;10,567659
2016-06-27;11,06;11,16;10,54;10,62;3858400;10,083428
2016-06-28;10,73;10,83;10,57;10,73;2773800;10,187869
2016-06-29;10,85;11,25;10,6;11,23;5615400;10,662607
2016-06-30;11,3;11,43;11,2;11,35;3286300;10,776545
2016-07-01;11,36;11,62;11,3;11,48;2490100;10,899976
2016-07-05;11,45;11,45;11,1;11,24;3192200;10,672102
2016-07-06;11,19;11,27;11,05;11,23;3704300;10,662607
2016-07-07;11,23;11,45;11,23;11,36;2296000;10,786039
2016-07-08;11,47;11,72;11,44;11,67;5229800;11,080378
2016-07-11;11,72;11,87;11,7;11,85;1953800;11,251284
2016-07-12;11,98;12,17;11,93;12,13;2366700;11,517137
2016-07-13;12,18;12,34;12,13;12,26;3178500;11,640569
2016-07-14;12,35;12,46;12,21;12,33;2746300;11,70703
2016-07-15;12,4;12,4;12,14;12,3;1682400;11,678547
2016-07-18;12,3;12,56;12,07;12,44;2063700;11,811473
2016-07-19;12,41;12,53;12,28;12,5;2163400;11,868441
2016-07-20;12,56;12,58;12,29;12,48;1593600;11,84945
2016-07-21;12,23;12,54;12,23;12,4;2581800;11,773494
2016-07-22;12,45;12,62;12,41;12,62;2134100;11,982378
2016-07-25;12,63;12,67;12,55;12,61;3290400;11,972884
2016-07-26;12,63;12,83;12,62;12,8;1777900;12,153284
2016-07-27;12,77;12,91;12,62;12,74;3034900;12,096316
2016-07-28;12,43;12,78;12,43;12,78;1602100;12,134295
2016-07-29;12,54;13,02;12,54;12,97;2413900;12,314694
2016-08-01;12,95;13,08;12,79;12,86;2777500;12,210253
2016-08-02;12,83;12,84;12,58;12,68;2799800;12,039347
2016-08-03;12,68;12,81;12,61;12,66;3667500;12,020357
2016-08-04;12,66;12,76;12,65;12,74;1719300;12,096316
2016-08-05;12,79;13,01;12,76;12,83;2291800;12,181769
2016-08-08;12,87;13,03;12,75;12,84;2017600;12,191263
2016-08-09;12,8;13,4;12,7;13,32;6175700;12,647011
2016-08-10;13,37;13,38;13,02;13,15;4610600;12,4856
2016-08-11;13,21;13,46;13,19;13,39;3118600;12,713475
2016-08-12;13,41;13,54;13,41;13,51;2696200;12,827412
2016-08-15;13,55;13,72;13,45;13,65;3057300;12,960338
2016-08-16;13,55;13,73;13,42;13,68;4368000;12,988823
2016-08-17;13,69;13,77;13,64;13,76;2984300;13,06478
2016-08-18;13,73;13,88;13,7;13,75;3418500;13,055285
2016-08-19;13,75;13,79;13,62;13,74;1939500;13,045791
2016-08-22;13,66;13,84;13,58;13,82;3015300;13,12175
2016-08-23;13,94;13,94;13,81;13,85;2663500;13,150233
2016-08-24;13,9;13,95;13,82;13,84;3131600;13,140738
2016-08-25;13,85;13,94;13,73;13,89;2809300;13,188212
2016-08-26;13,97;14,12;13,83;13,98;2679100;13,273664
2016-08-29;14,05;14,12;13,96;14,04;2316000;13,330633
2016-08-30;13,94;14,13;13,88;14,01;2448700;13,302149
2016-08-31;14,03;14,07;13,84;14,06;3291500;13,349623
2016-09-01;14,09;14,14;13,83;13,97;2694600;13,264171
2016-09-02;14,05;14,12;13,81;13,94;3401200;13,235684
2016-09-06;14,34;14,34;13,67;13,76;4012600;13,06478
2016-09-07;13,74;13,82;13,71;13,78;2919100;13,08377
2016-09-08;13,75;14,04;13,71;13,81;3322400;13,112255
2016-09-09;13,69;13,77;13,36;13,36;3417300;12,684989
2016-09-12;13,22;13,92;13,18;13,9;4159600;13,297235
2016-09-13;13,75;13,77;13,58;13,64;4084500;13,048512
2016-09-14;13,65;13,76;13,57;13,71;3542500;13,115477
2016-09-15;13,72;13,77;13,58;13,64;2798400;13,048512
2016-09-16;13,52;13,69;13,47;13,64;5244300;13,048512
2016-09-19;13,68;13,73;13,54;13,62;2316200;13,029378
2016-09-20;13,73;13,78;13,64;13,71;2675300;13,115477
2016-09-21;13,73;13,96;13,68;13,93;2123000;13,325935
2016-09-22;14,02;14,17;13,96;14,14;1847000;13,52683
2016-09-23;14;14,23;14;14,05;1358400;13,440733
2016-09-26;13,99;13,99;13,78;13,82;2040000;13,220705
2016-09-27;13,83;13,96;13,76;13,96;1906100;13,354635
2016-09-28;13,96;14,04;13,85;14,02;2545500;13,412034
2016-09-29;14,03;14,07;13,77;13,89;2697700;13,287671
2016-09-30;13,91;14,11;13,9;13,98;3181000;13,373768
2016-10-03;13,89;14,51;13,89;14,43;4067100;13,804255
2016-10-04;14,44;14,51;14,19;14,28;4127400;13,660759
2016-10-05;14,29;14,68;14,23;14,62;4944200;13,986015
2016-10-06;14,57;14,61;14,25;14,52;3101000;13,890351
2016-10-07;14,5;14,55;14,03;14,11;3453600;13,498131
2016-10-10;14,17;14,35;13,89;13,92;2405200;13,31637
2016-10-11;13,64;13,92;13,56;13,67;2159700;13,077211
2016-10-12;13,68;13,7;13,46;13,47;2907000;12,885884
2016-10-13;13,4;13,59;13,28;13,54;2464800;12,952847
2016-10-14;13,62;13,65;13,34;13,37;1949800;12,790221
2016-10-17;13,38;13,44;13,31;13,38;1338400;12,799786
2016-10-18;13,54;13,63;13,36;13,51;2053300;12,92415
2016-10-19;13,52;13,73;13,46;13,65;1376200;13,058078
2016-10-20;13,59;13,69;13,41;13,51;2542300;12,92415
2016-10-21;13,37;13,54;13,26;13,41;1444000;12,828485
2016-10-24;13,53;13,53;12,96;12,97;3291900;12,407566
2016-10-25;12,96;12,99;12,62;12,65;5417900;12,101441
2016-10-26;12,63;12,97;12,62;12,91;2122100;12,350167
2016-10-27;12,7;12,75;12,12;12,22;3474500;11,690089
2016-10-28;12,16;12,41;12,12;12,17;2314500;11,642257
2016-10-31;12,26;12,35;12,12;12,12;2533800;11,594425
2016-11-01;12,22;12,28;11,85;12,05;3042000;11,527462
2016-11-02;12,1;12,14;11,81;11,84;1941000;11,326568
2016-11-03;11,92;11,97;11,78;11,83;1997000;11,317001
2016-11-04;11,88;12,06;11,83;11,89;2337000;11,374399
2016-11-07;12,07;12,32;11,96;12,22;5534500;11,690089
2016-11-08;11,15;11,93;10,99;11,65;7399300;11,144805
2016-11-09;11,46;12,15;11,32;11,98;4130000;11,460495
2016-11-10;11,95;12,17;11,85;11,95;4314100;11,431797
2016-11-11;11,87;12,18;11,81;12,12;2981200;11,594425
2016-11-14;12,17;12,32;11,98;12,17;5278500;11,642257
2016-11-15;12,2;12,25;12;12,01;3270000;11,489195
2016-11-16;11,98;12,09;11,79;12,02;3858100;11,498762
2016-11-17;12,06;12,19;11,92;12;3539100;11,479629
2016-11-18;12,02;12,05;11,87;11,87;2352600;11,355267
2016-11-21;12,01;12,01;11,73;11,73;2208800;11,221338
2016-11-22;11,77;11,85;11,64;11,68;2661800;11,173506
2016-11-23;11,63;11,82;11,63;11,8;1769800;11,288301
2016-11-25;11,83;11,97;11,78;11,8;760500;11,288301
2016-11-28;11,76;12,02;11,76;11,84;2685100;11,326568
2016-11-29;11,83;11,87;11,45;11,54;3075600;11,039577
2016-11-30;11,55;11,69;11,44;11,56;3443500;11,05871
2016-12-01;11,59;11,8;11,54;11,76;3150500;11,250038
2016-12-02;11,77;11,82;11,64;11,66;2739700;11,154372
2016-12-05;11,72;11,83;11,64;11,81;2755100;11,297869
2016-12-06;11,8;11,82;11,61;11,79;3704900;11,278735
2016-12-07;11,8;11,94;11,58;11,83;3304700;11,317001
2016-12-08;11,87;11,99;11,81;11,92;1957800;11,403098
2016-12-09;11,93;12,13;11,91;12,05;3812100;11,527462
2016-12-12;12,04;12,11;11,97;12,01;3456100;11,489195
2016-12-13;12,05;12,15;11,78;11,88;2937300;11,364833
2016-12-14;11,87;12,04;11,82;11,88;2906000;11,364833
2016-12-15;11,92;12,01;11,63;11,69;2215200;11,18307
2016-12-16;11,76;11,83;11,53;11,61;4065400;11,106541
2016-12-19;11,65;11,78;11,56;11,73;1657600;11,221338
2016-12-20;11,76;11,81;11,62;11,65;1807500;11,144805
2016-12-21;11,66;11,77;11,57;11,72;1735200;11,211771
2016-12-22;11,7;11,8;11,62;11,74;1459300;11,230904
2016-12-23;11,74;11,77;11,65;11,73;1368800;11,221338
2016-12-27;11,74;11,91;11,71;11,91;1504300;11,393532
2016-12-28;11,91;11,92;11,67;11,69;2029900;11,18307
2016-12-29;11,69;11,73;11,55;11,66;1511700;11,154372
2016-12-30;11,67;11,69;11,42;11,46;1944200;10,963047
2017-01-03;11,55;11,84;11,51;11,69;2011500;11,18307
2017-01-04;11,7;11,9;11,7;11,87;1256000;11,355267
2017-01-05;11,87;11,98;11,78;11,89;2412000;11,374399
2017-01-06;11,88;12;11,76;11,93;1697200;11,412665
2017-01-09;11,9;12,05;11,86;12;2372400;11,479629
2017-01-10;12,05;12,07;11,9;12;2780900;11,479629
2017-01-11;12;12,17;11,94;12,04;2550400;11,517895
2017-01-12;12,01;12,18;11,86;12,02;2820400;11,498762
2017-01-13;12,01;12,1;11,93;12,05;1561300;11,527462
2017-01-17;11,97;12,26;11,89;12,23;2610100;11,699655
2017-01-18;12,2;12,22;12;12,14;2310800;11,613558
2017-01-19;12,14;12,14;11,97;12,04;2306400;11,517895
2017-01-20;12,05;12,12;11,93;11,97;1497500;11,45093
2017-01-23;11,97;12,01;11,88;11,96;1140200;11,441363
2017-01-24;11,96;12,17;11,91;12,11;1961100;11,584859
2017-01-25;12,13;12,36;12,12;12,31;1861100;11,776186
2017-01-26;12,32;12,37;12,02;12,22;1395900;11,690089
2017-01-27;12,19;12,37;12,11;12,36;1841800;11,824018
2017-01-30;12,33;12,34;12,11;12,33;1406700;11,795318
2017-01-31;12,28;12,32;12,08;12,29;1436900;11,757053
2017-02-01;12,29;12,41;12,16;12,36;2004100;11,824018
2017-02-02;12,38;12,38;12,18;12,22;2174700;11,690089
2017-02-03;12,26;12,3;12,17;12,27;2440300;11,737921
2017-02-06;12,26;12,35;12,2;12,22;1275600;11,690089
2017-02-07;12,24;12,24;12,07;12,2;1639600;11,670956
2017-02-08;12,2;12,29;12;12,16;2059400;11,63269
2017-02-09;12,21;12,41;12,18;12,39;2419300;11,852717
2017-02-10;12,5;13,42;12,19;13,29;4797500;12,713689
2017-02-13;13,37;13,48;13,06;13,08;2640800;12,512794
2017-02-14;13,11;13,17;12,95;13,08;3224400;12,512794
2017-02-15;13,04;13,22;12,98;13,1;2738500;12,531929
2017-02-16;13,09;13,28;12,98;13,05;2531700;12,484097
2017-02-17;13,02;13,14;12,87;13,08;3753400;12,512794
2017-02-21;13,08;13,47;13,05;13,33;2836400;12,751956
2017-02-22;13,32;13,36;13,11;13,29;2592800;12,713689
2017-02-23;13,27;13,38;13,09;13,24;3460600;12,665857
2017-02-24;13,24;13,25;12,95;13,1;2170400;12,531929
2017-02-27;13,13;13,17;13;13,06;1738800;12,493664
2017-02-28;13,06;13,06;12,8;12,82;2559700;12,26407
2017-03-01;12,92;13,11;12,85;13,09;1995100;12,522363
2017-03-02;13,11;13,11;12,81;12,84;1427600;12,283203
2017-03-03;12,79;12,93;12,74;12,9;2451200;12,340601
2017-03-06;12,78;12,97;12,78;12,95;2218100;12,388432
2017-03-07;13,07;13,34;12,62;12,66;2553800;12,111009
2017-03-08;12,68;12,71;12,47;12,49;2167400;11,94838
2017-03-09;12,49;12,56;12,33;12,41;1351600;11,87185
2017-03-10;12,46;12,51;12,22;12,38;1689700;11,843151
2017-03-13;12,25;12,37;12,25;12,28;1704500;11,843151
2017-03-14;12,25;12,4;12,2;12,4;1698400;11,958881
2017-03-15;12,41;13,07;12,35;12,6;1857400;12,151767
2017-03-16;12,59;12,65;12,53;12,64;1541000;12,190346
2017-03-17;12,6;12,71;12,57;12,65;2534200;12,199988
2017-03-20;12,67;12,67;12,53;12,63;1121000;12,1807
2017-03-21;12,7;12,76;12,5;12,52;3366600;12,074614
2017-03-22;12,53;12,59;12,43;12,52;1429500;12,074614
2017-03-23;12,52;12,62;12,49;12,55;1421700;12,103547
2017-03-24;12,58;12,66;12,5;12,55;1180200;12,103547
2017-03-27;12,5;12,61;12,5;12,58;1404900;12,132479
2017-03-28;12,59;12,87;12,55;12,84;1211500;12,38323
2017-03-29;12,81;13,03;12,75;13;1136500;12,537537
2017-03-30;12,99;13,31;12,95;13,24;2539200;12,769001
2017-03-31;13,09;13,1;12,89;13;3624000;12,537537
2017-04-03;12,96;13,19;12,77;12,79;2463900;12,335008
2017-04-04;12,84;12,89;12,74;12,77;1445400;12,31572
2017-04-05;12,82;12,91;12,55;12,63;2085500;12,1807
2017-04-06;12,59;12,67;12,5;12,57;1724900;12,122834
2017-04-07;12,55;12,57;12,5;12,51;3552600;12,06497
2017-04-10;12,51;12,63;12,5;12,53;1913100;12,084257
2017-04-11;12,5;12,56;12,44;12,5;1623700;12,055324
2017-04-12;12,49;12,57;12,41;12,49;1697200;12,04568
2017-04-13;12,49;12,52;12,32;12,33;1857400;11,891373
2017-04-17;12,39;12,44;12,3;12,41;1617700;11,968527
2017-04-18;12,36;12,45;12,19;12,33;1668200;11,891373
2017-04-19;12,38;12,48;12,34;12,43;1696500;11,987815
2017-04-20;12,45;13,01;12,43;12,94;2718600;12,479672
2017-04-21;12,91;12,99;12,72;12,89;2142300;12,431452
2017-04-24;13,05;13,09;12,97;13,04;1498700;12,576115
2017-04-25;13,08;13,13;13;13,07;1236300;12,605047
2017-04-26;13,07;13,14;12,94;12,94;2187800;12,479672
2017-04-27;12,96;13,03;12,88;12,96;1195100;12,49896
2017-04-28;12,93;12,98;12,59;12,72;1872300;12,267499
2017-05-01;12,75;12,86;12,65;12,74;1141800;12,286787
2017-05-02;12,71;12,75;12,58;12,62;1508900;12,171055
2017-05-03;12,59;12,61;12,49;12,57;1629900;12,122834
2017-05-04;12,64;12,64;12,43;12,57;2490500;12,122834
2017-05-05;12,59;12,69;12,59;12,69;951000;12,238564
2017-05-08;12,7;12,92;12,66;12,79;2245400;12,335008
2017-05-09;12,81;13,12;12,76;13,11;3330300;12,643623
2017-05-10;12,3;13,3;12,26;12,71;4191700;12,257854
2017-05-11;12,67;12,77;12,56;12,68;2551000;12,228921
2017-05-12;12,67;12,73;12,59;12,71;1653800;12,257854
2017-05-15;12,78;12,94;12,76;12,89;2005700;12,431452
2017-05-16;12,96;12,96;12,81;12,93;1797100;12,470028
2017-05-17;12,84;12,86;12,65;12,66;2493800;12,209633
2017-05-18;12,69;12,78;12,58;12,7;2378000;12,248209
2017-05-19;12,72;12,83;12,51;12,82;1682100;12,363941
2017-05-22;12,86;13,15;12,71;13,12;1861200;12,653268
2017-05-23;13,17;13,26;13,06;13,15;1455400;12,682201
2017-05-24;13,19;13,23;13,12;13,22;1025300;12,749711
2017-05-25;13,29;13,31;13,17;13,21;956700;12,740067
2017-05-26;13,23;13,43;13,17;13,42;1871000;12,942596
2017-05-30;13,32;13,43;13,14;13,29;1470600;12,817221
2017-05-31;13,33;13,39;13,1;13,38;2527600;12,904019
2017-06-01;13,5;13,62;13,38;13,57;1644100;13,087261
2017-06-02;13,55;13,64;13,43;13,58;1507000;13,096905
2017-06-05;13,61;13,61;13,41;13,44;1581100;12,961885
2017-06-06;13,41;13,5;13,22;13,48;1459400;13,000462
2017-06-07;13,54;13,55;13,31;13,36;1990700;12,884729
2017-06-08;13,47;13,53;13,18;13,51;2104800;13,029395
2017-06-09;13,55;13,68;13,43;13,65;1701200;13,164413
2017-06-12;13,65;13,84;13,63;13,67;1603200;13,183703
2017-06-13;13,65;13,7;13,53;13,56;1946300;13,077616
2017-06-14;13,59;13,63;13,5;13,58;2748400;13,096905
2017-06-15;13,59;13,72;13,44;13,61;1281200;13,125837
2017-06-16;13,64;13,78;13,52;13,73;2200100;13,241567
2017-06-19;13,75;13,85;13,63;13,78;827400;13,28979
2017-06-20;13,75;13,75;13,48;13,49;914500;13,010107
2017-06-21;13,54;13,61;13,44;13,53;1436100;13,048683
2017-06-22;13,53;13,55;13,3;13,45;1379700;12,971529
2017-06-23;13,44;13,62;13,38;13,59;1415800;13,106549
2017-06-26;13,61;13,68;13,53;13,66;1030100;13,174058
2017-06-27;13,61;13,79;13,58;13,66;1180800;13,174058
2017-06-28;13,72;13,92;13,7;13,85;1760100;13,357301
2017-06-29;13,85;13,92;13,39;13,6;1757200;13,116194
2017-06-30;13,63;13,76;13,35;13,7;1754200;13,212636
2017-07-03;13,74;13,92;13,65;13,89;1108000;13,395876
2017-07-05;13,89;13,89;13,68;13,73;1875000;13,241567
2017-07-06;13,67;13,68;13,23;13,24;2048200;12,769001
2017-07-07;13,28;13,37;13,18;13,32;1692100;12,846154
2017-07-10;13,28;13,41;13,14;13,15;1744800;12,682201
2017-07-11;13,14;13,34;13,07;13,27;1618100;12,797934
2017-07-12;13,32;13,43;13,18;13,2;2724400;12,730422
2017-07-13;13,23;13,32;13,18;13,23;1252800;12,759356
2017-07-14;13,3;13,62;13,24;13,57;1541300;13,087261
2017-07-17;13,57;13,76;13,52;13,68;1289200;13,193347
2017-07-18;13,65;13,68;13,52;13,63;1105200;13,145125
2017-07-19;13,68;13,98;13,68;13,93;1339600;13,434454
2017-07-20;13,91;14,08;13,88;13,96;1174800;13,463386
2017-07-21;13,9;14,06;13,9;13,93;2521000;13,434454
2017-07-24;13,95;14,04;13,92;13,98;1026700;13,482674
2017-07-25;14,05;14,17;13,83;14,12;1271400;13,617695
2017-07-26;14,12;14,34;14,12;14,23;1171200;13,723781
2017-07-27;14,21;14,35;14,21;14,27;1157900;13,762359
2017-07-28;14,26;14,49;14,25;14,39;1117700;13,87809
2017-07-31;14,43;14,43;14,26;14,31;1051800;13,800936
2017-08-01;14,38;14,46;14,27;14,43;972300;13,916667
2017-08-02;14,4;14,4;14,19;14,27;1526000;13,762359
2017-08-03;14,28;14,4;14,18;14,25;930400;13,74307
2017-08-04;14,28;14,28;14,1;14,12;1779300;13,617695
2017-08-07;14,12;14,43;14,12;14,34;954000;13,829868
2017-08-08;14,32;14,32;14,09;14,24;993500;13,733425
2017-08-09;14,17;14,22;14,04;14,17;896800;13,665916
2017-08-10;14,13;14,18;13,59;13,68;2989500;13,193347
2017-08-11;13,76;14,04;13,4;13,43;3491000;12,95224
2017-08-14;13,54;13,61;13,3;13,37;2291700;12,894375
2017-08-15;13,41;13,44;13,28;13,31;1063800;12,83651
2017-08-16;13,41;13,48;13,21;13,25;1535900;12,778645
2017-08-17;13,2;13,45;13,2;13,23;2230600;12,759356
2017-08-18;13,25;13,47;13,05;13,27;2004500;12,797934
2017-08-21;13,21;13,35;13,19;13,31;1631900;12,83651
2017-08-22;13,28;13,44;13,28;13,39;1197000;12,913664
2017-08-23;13,29;13,34;13,12;13,18;1586700;12,711135
2017-08-24;13,21;13,23;13,09;13,2;1161400;12,730422
2017-08-25;13,28;13,47;13,07;13,42;1492900;12,942596
2017-08-28;13,37;13,47;13,29;13,43;1557900;12,95224
2017-08-29;13,36;13,39;13,24;13,36;2164700;12,884729
2017-08-30;13,36;13,36;13,16;13,3;1641800;12,826864
2017-08-31;13,32;13,41;13,27;13,37;1226600;12,894375
2017-09-01;13,4;13,52;13,38;13,45;924300;12,971529
2017-09-05;13,45;13,46;13,19;13,28;1324600;12,807576
2017-09-06;13,33;13,49;13,27;13,39;3573700;12,913664
2017-09-07;13,43;13,58;13,39;13,53;1844500;13,048683
2017-09-08;13,53;13,54;13,11;13,14;2108900;12,672559
2017-09-11;13,23;13,41;13,2;13,34;2575500;12,865443
2017-09-12;13,3;13,35;13,19;13,26;1808700;12,884876
2017-09-13;13,21;13,21;12,84;13;2002900;12,632232
2017-09-14;13;13,09;12,96;13,05;1776800;12,680818
2017-09-15;13,05;13,16;12,94;13,09;2914400;12,719686
2017-09-18;13,14;13,22;12,98;13,09;1811600;12,719686
2017-09-19;13,1;13,16;12,96;13,05;1779200;12,680818
2017-09-20;13,1;13,21;13,03;13,17;1475200;12,797422
2017-09-21;13,16;13,19;13,02;13,08;1730000;12,709969
2017-09-22;13,02;13,12;12,99;13,03;1098000;12,661383
2017-09-25;13,05;13,23;13,01;13,2;1404800;12,826574
2017-09-26;13,23;13,23;13,07;13,11;1158300;12,73912
2017-09-27;13,13;13,3;13,07;13,26;1325700;12,884876
2017-09-28;13,21;13,35;13,12;13,26;2190000;12,884876
2017-09-29;13,22;13,26;13,16;13,26;939800;12,884876
2017-10-02;13,29;13,37;13,19;13,28;1641100;12,90431
2017-10-03;13,29;13,43;13,24;13,37;1592900;12,991765
2017-10-04;13,38;13,42;13,3;13,36;903100;12,982047
2017-10-05;13,41;13,46;13,33;13,43;1174900;13,050067
2017-10-06;13,41;13,44;13,23;13,29;1654400;12,914027
2017-10-09;13,27;13,29;13,14;13,18;817000;12,807139
2017-10-10;13,26;13,55;13,25;13,5;2190200;13,118088
2017-10-11;13,46;13,5;13,35;13,48;1167200;13,098652
2017-10-12;13,46;13,58;13,37;13,54;1768900;13,156956
2017-10-13;13,61;13,74;13,52;13,68;1440900;13,292994
2017-10-16;13,68;13,76;13,61;13,68;1704600;13,292994
2017-10-17;13,64;13,69;13,57;13,62;1285100;13,234693
2017-10-18;13,62;13,77;13,61;13,73;1219200;13,341578
2017-10-19;13,65;13,71;13,55;13,62;1846300;13,234693
2017-10-20;13,69;13,78;13,66;13,71;1317500;13,322146
2017-10-23;13,72;13,77;13,67;13,75;1012700;13,361014
2017-10-24;13,75;13,78;13,57;13,63;1497100;13,244409
2017-10-25;13,62;13,71;13,52;13,66;1272000;13,273561
2017-10-26;13,69;13,82;13,62;13,68;1756300;13,292994
2017-10-27;13,66;13,73;13,49;13,69;1578000;13,302711
2017-10-30;13,68;13,83;13,64;13,81;1394500;13,419317
2017-10-31;13,83;13,83;13,63;13,66;1665500;13,273561
2017-11-01;13,73;13,87;13,61;13,71;1900400;13,322146
2017-11-02;13,67;13,83;13,58;13,8;1696400;13,409599
2017-11-03;13,76;13,87;13,7;13,87;2278500;13,477619
2017-11-06;13,89;14,28;13,84;14,28;4244400;13,87602
2017-11-07;14,21;14,53;14,09;14,15;2639600;13,749698
2017-11-08;14,08;14,15;14,01;14,14;1389400;13,739982
2017-11-09;14,13;14,56;14,07;14,36;2515900;13,953757
2017-11-10;14,66;15,79;14,59;15,1;5305800;14,672823
2017-11-13;15,1;15,41;15;15,23;2704200;14,799145
2017-11-14;15,17;15,5;15,11;15,27;3283600;14,838014
2017-11-15;15,23;15,28;15,1;15,19;1929400;14,760276
2017-11-16;15,18;15,73;15,15;15,72;2648200;15,275284
2017-11-17;15,69;15,93;15,59;15,84;2524700;15,391889
2017-11-20;15,83;15,83;15,62;15,67;2456300;15,226698
2017-11-21;15,74;15,82;15,67;15,79;2538000;15,343304
2017-11-22;15,82;15,87;15,76;15,77;2121200;15,323869
2017-11-24;15,82;15,82;15,7;15,77;845600;15,323869
2017-11-27;15,76;15,81;15,65;15,74;2445500;15,294717
2017-11-28;15,8;16,16;15,73;16,15;3296300;15,693117
2017-11-29;16,1;16,43;16,1;16,35;2314000;15,887461
2017-11-30;16,4;16,42;16,1;16,16;3442100;15,702836
2017-12-01;16,24;16,32;15,89;16,200001;3096000;15,741706
2017-12-04;16,26;16,870001;16,200001;16,540001;3559600;16,072086
2017-12-05;16,59;16,65;16,27;16,4;2584700;15,936047
2017-12-06;16,4;16,52;16,24;16,389999;3525400;15,926328
2017-12-07;16,379999;16,389999;16,25;16,360001;2694200;15,897178
2017-12-08;16,42;16,559999;16,360001;16,549999;2012200;16,081802
2017-12-11;16,559999;16,75;16,5;16,59;3382000;16,12067
2017-12-12;16,610001;16,620001;16,139999;16,219999;2410100;15,761138
2017-12-13;16,27;16,33;16,17;16,280001;3083000;15,819441
2017-12-14;16,280001;16,41;16,120001;16,219999;3204200;15,761138
2017-12-15;16,23;16,25;16;16,02;5256300;15,566796
2017-12-18;16,110001;16,370001;16,07;16,33;3059600;15,868027
2017-12-19;16,389999;16,459999;16,18;16,27;3640500;15,809725
2017-12-20;16,34;16,42;16,219999;16,24;2599400;15,780573
2017-12-21;16,27;16,5;16,17;16,34;2069500;15,877744
2017-12-22;16,32;16,450001;16,309999;16,42;2790100;15,95548
2017-12-26;16,42;16,48;16,299999;16,309999;669400;15,848592
2017-12-27;16,34;16,379999;16,209999;16,25;1312600;15,79029
2017-12-28;16,280001;16,34;16,17;16,33;1133500;15,868027
2017-12-29;16,34;16,379999;16,209999;16,209999;1380400;15,75142
2018-01-02;16,299999;16,450001;16,23;16,43;2475000;15,965199
2018-01-03;16,450001;16,530001;16,41;16,49;2816600;16,0235
2018-01-04;16,540001;16,690001;16,51;16,59;2343200;16,12067
2018-01-05;16,889999;17,1;16,52;16,799999;1798400;16,32473
2018-01-08;16,799999;16,85;16,67;16,83;3595500;16,353882
2018-01-09;16,860001;16,969999;16,790001;16,879999;2128200;16,402466
2018-01-10;16,85;16,9;16,77;16,85;2523800;16,373316
2018-01-11;16,870001;17,219999;16,870001;17,08;3338200;16,596809
2018-01-12;17,110001;17,18;16,98;17,15;1864900;16,664827
2018-01-16;17,200001;17,26;16,940001;16,969999;1854100;16,489922
2018-01-17;16,969999;17,290001;16,940001;17,209999;1902100;16,723129
2018-01-18;17,18;17,23;17;17,01;2863900;16,52879
2018-01-19;17,08;17,280001;16,969999;17,219999;4544100;16,732847
2018-01-22;17,16;17,190001;16,98;17,18;1733000;16,693979
2018-01-23;17,110001;17,120001;16,950001;17,07;1519800;16,587091
2018-01-24;17,120001;17,190001;16,98;17,09;1711800;16,606525
2018-01-25;17,110001;17,15;16,98;17,040001;1250100;16,557941
2018-01-26;17,110001;17,16;16,92;17,139999;1314700;16,655111
2018-01-29;17,1;17,24;17,01;17,059999;1280900;16,577377
2018-01-30;17,02;17,209999;16,92;17,049999;1991000;16,567656
2018-01-31;17,040001;17,139999;16,950001;17,110001;1710700;16,625961
2018-02-01;17,02;17,1;16,799999;16,82;2126600;16,344164
2018-02-02;16,780001;16,83;16,389999;16,41;2367800;15,945765
2018-02-05;16,4;16,59;15,83;15,83;3209600;15,382172
2018-02-06;15,61;16,309999;15,22;16,290001;6201900;15,829159
2018-02-07;16,209999;16,360001;15,97;16,059999;2698100;15,605664
2018-02-08;16,01;16,139999;15,64;15,65;2564800;15,207264
2018-02-09;15,79;16,35;15,35;15,77;3827900;15,323869
2018-02-12;15,91;15,96;15,67;15,75;2714300;15,304435
2018-02-13;15,7;16,25;15,7;16,219999;2672100;15,761138
2018-02-14;16,110001;16,4;16,059999;16,34;2778200;15,877744
2018-02-15;16,370001;16,49;16,23;16,370001;1884900;15,906895
2018-02-16;16,32;16,440001;16,200001;16,26;2258400;15,800007
2018-02-20;16,15;16,23;15,93;15,95;2015700;15,498776
2018-02-21;15,96;16,23;15,96;16,01;3429100;15,557079
2018-02-22;16,120001;16,34;16,120001;16,219999;2407600;15,761138
2018-02-23;16,299999;16,51;16,139999;16,5;1737600;16,033218
2018-02-26;16,530001;16,66;16,450001;16,639999;1084600;16,169256
2018-02-27;16,610001;16,67;16,370001;16,379999;1359700;15,916612
2018-02-28;16,389999;16,450001;16,120001;16,129999;2055300;15,673685
2018-03-01;16,110001;16,190001;15,7;15,75;2916100;15,304435
2018-03-02;15,75;15,9;15,64;15,87;4372600;15,421041
2018-03-05;15,79;16,18;15,76;16,15;1831400;15,693117
2018-03-06;16,16;16,440001;16,09;16,42;1961900;15,95548
2018-03-07;16,27;16,35;16,1;16,299999;1819300;15,838875
2018-03-08;16,370001;16,389999;16,15;16,219999;1075800;15,761138
2018-03-09;16,299999;16,469999;16,23;16,469999;1245000;16,004066
2018-03-12;16,51;16,67;16,459999;16,549999;956500;16,081802
2018-03-13;16,559999;16,67;16,309999;16,370001;1025500;16,003595
2018-03-14;16,450001;16,469999;16,27;16,33;1461200;15,964488
2018-03-15;16,34;16,5;16,34;16,42;1464600;16,052473
2018-03-16;16,440001;16,68;16,440001;16,6;2281400;16,228445
2018-03-19;16,549999;16,65;16,32;16,34;2723400;15,974265
2018-03-20;16,370001;16,41;16,27;16,360001;1672400;15,993817
2018-03-21;16,360001;16,58;16,33;16,51;1560300;16,140459
2018-03-22;16,379999;16,57;16,25;16,27;2142700;15,905832
2018-03-23;16,290001;16,33;15,56;15,56;2208000;15,211724
2018-03-26;15,74;15,76;15,34;15,68;2485900;15,329038
2018-03-27;15,71;15,88;15,51;15,58;1557600;15,231277
2018-03-28;15,58;15,69;15,43;15,43;3200500;15,084634
2018-03-29;15,56;15,95;15,44;15,8;1930600;15,446352
2018-04-02;15,76;15,83;15,28;15,41;1884800;15,065081
2018-04-03;15,42;15,66;15,2;15,64;1978900;15,289933
2018-04-04;15,43;15,79;15,34;15,78;2055100;15,4268
2018-04-05;15,78;15,94;15,63;15,75;2166900;15,39747
2018-04-06;15,59;15,79;15,38;15,5;1306800;15,153066
2018-04-09;15,55;15,9;15,51;15,65;2584000;15,299709
2018-04-10;15,78;16,15;15,74;15,95;1651200;15,592994
2018-04-11;15,83;15,93;15,76;15,8;2031600;15,446352
2018-04-12;15,88;15,97;15,76;15,91;957100;15,553889
2018-04-13;15,9;16,059999;15,69;15,72;943300;15,368142
2018-04-16;15,81;15,99;15,73;15,95;2730500;15,592994
2018-04-17;16,02;16,129999;15,93;16,1;1472400;15,739637
2018-04-18;16,1;16,190001;16;16,030001;1515800;15,671205
2018-04-19;15,98;16,219999;15,95;16,190001;1550500;15,827623
2018-04-20;16,23;16,23;16,1;16,17;2417100;15,80807
2018-04-23;16,18;16,27;16,09;16,18;1107800;15,817846
2018-04-24;16,24;16,290001;15,87;15,9;1173000;15,544113
2018-04-25;15,87;15,95;15,75;15,88;1094500;15,524561
2018-04-26;15,99;16,049999;15,88;15,97;1101000;15,612547
2018-04-27;15,95;16,290001;15,86;16,01;883200;15,651652
2018-04-30;16,059999;16,16;15,92;15,98;1387600;15,622322
2018-05-01;15,94;16,030001;15,82;16,01;1874500;15,651652
2018-05-02;15,95;16;15,69;15,71;2250600;15,358367
2018-05-03;15,7;15,92;15,55;15,88;1368200;15,524561
2018-05-04;15,81;16,15;15,77;16,139999;1236100;15,778741
2018-05-07;16,16;16,450001;16,09;16,389999;1493700;16,023146
2018-05-08;16,309999;16,469999;16,309999;16,370001;2328600;16,003595
2018-05-09;16,440001;16,52;16,02;16,51;1688200;16,140459
2018-05-10;16,559999;16,65;16,440001;16,59;1979700;16,21867
2018-05-11;16,1;16,559999;15,18;15,18;3252700;14,840229
2018-05-14;15,43;15,93;15,41;15,82;4637800;15,465903
2018-05-15;15,78;15,87;15,6;15,79;2364100;15,436576
2018-05-16;15,8;15,99;15,69;15,89;1996400;15,534338
2018-05-17;15,86;15,94;15,7;15,74;2517800;15,387694
2018-05-18;15,68;15,74;15,59;15,63;2746100;15,280156
2018-05-21;15,67;15,79;15,58;15,7;1570600;15,34859
2018-05-22;15,7;15,8;15,59;15,61;1430100;15,260604
2018-05-23;15,52;15,57;15,4;15,48;1275900;15,133514
2018-05-24;15,45;15,57;15,4;15,52;1577000;15,17262
2018-05-25;15,49;15,62;15,46;15,58;1269600;15,231277
2018-05-29;15,46;15,62;15,03;15,08;2067200;14,742467
2018-05-30;15,17;15,46;15,17;15,4;1667500;15,055305
2018-05-31;15,39;15,43;14,97;15,03;2912600;14,693587
2018-06-01;15,14;15,26;15,09;15,21;2238400;14,869557
2018-06-04;15,3;15,35;15,22;15,29;1478800;14,947767
2018-06-05;15,26;15,65;15,26;15,62;1727100;15,27038
2018-06-06;15,64;15,78;15,54;15,7;1577500;15,34859
2018-06-07;15,72;15,79;15,61;15,66;1539400;15,309485
2018-06-08;15,67;15,86;15,63;15,82;1513800;15,465903
2018-06-11;15,79;15,92;15,74;15,87;902500;15,514785
2018-06-12;15,92;16,049999;15,86;16;1137600;15,641874
2018-06-13;16,049999;16,35;15,84;15,85;2326700;15,495233
2018-06-14;15,97;16,049999;15,82;16,02;2124400;15,661428
2018-06-15;15,99;16,09;15,78;15,98;3337100;15,622322
2018-06-18;15,9;16,08;15,83;16,059999;1922900;15,700531
2018-06-19;15,92;16,01;15,88;15,95;1516700;15,592994
2018-06-20;16,02;16,110001;15,86;16,01;1407500;15,651652
2018-06-21;15,98;15,98;15,73;15,79;1848400;15,436576
2018-06-22;15,88;15,9;15,82;15,82;1954300;15,465903
2018-06-25;15,81;15,88;15,47;15,54;2091500;15,192171
2018-06-26;15,58;15,59;15,35;15,52;1961200;15,17262
2018-06-27;15,52;15,73;15,43;15,44;1777200;15,094409
2018-06-28;15,49;15,59;15,38;15,53;1260100;15,182395
2018-06-29;15,53;15,72;15,48;15,5;1886300;15,153066
2018-07-02;15,44;15,48;15,06;15,15;2719100;14,8109
2018-07-03;15,24;15,36;15,22;15,28;1116000;14,93799
2018-07-05;15,33;15,33;15,1;15,28;1325900;14,93799
2018-07-06;15,34;15,49;15,23;15,4;1724500;15,055305
2018-07-09;15,44;15,53;15,38;15,5;1912500;15,153066
2018-07-10;15,54;15,81;15,42;15,77;2166200;15,417024
2018-07-11;15,65;15,68;15,53;15,55;1139300;15,201947
2018-07-12;15,62;15,66;15,45;15,56;1976400;15,211724
2018-07-13;15,58;15,66;15,56;15,59;1013400;15,241053
2018-07-16;15,61;15,63;15,38;15,41;1336400;15,065081
2018-07-17;15,42;15,45;15,33;15,38;1929900;15,035753
2018-07-18;15,35;15,63;15,3;15,55;1893800;15,201947
2018-07-19;15,47;15,66;15,45;15,49;2064300;15,143291
2018-07-20;15,49;15,52;15,27;15,28;1497900;14,93799
2018-07-23;15,31;15,5;15,24;15,27;1387100;14,928214
2018-07-24;15,16;15,41;15;15,05;1132700;14,713139
2018-07-25;15,02;15,2;14,99;15,17;1286900;14,830453
2018-07-26;15,19;15,3;15,03;15,09;1591000;14,752244
2018-07-27;15,14;15,18;14,85;14,89;1455200;14,556721
2018-07-30;14,89;15,05;14,79;14,95;1661200;14,615376
2018-07-31;15,02;15,13;14,9;15,07;2125300;14,732691
2018-08-01;14,99;15,1;14,95;15,07;2158600;14,732691
2018-08-02;14,99;15,04;14,9;15,01;1234500;14,674034
2018-08-03;15,05;15,1;14,93;15,08;1288100;14,742467
2018-08-06;15,05;15,23;15,02;15,12;1736300;14,781572
2018-08-07;15,12;15,21;14,99;15,14;1443600;14,801125
2018-08-08;15,15;15,19;14,98;15,14;1715900;14,801125
2018-08-09;15,17;15,44;15,04;15,26;3182900;14,918439
2018-08-10;15,17;15,17;13;13,2;5990400;12,904548
2018-08-13;13,4;13,79;13,33;13,58;5979300;13,276041
2018-08-14;13,7;13,95;13,51;13,69;4395700;13,38358
2018-08-15;13,59;13,7;13,49;13,67;4709900;13,364027
2018-08-16;13,67;13,99;13,56;13,9;4227500;13,588879
2018-08-17;13,86;13,97;13,72;13,9;3435800;13,588879
2018-08-20;13,38;13,71;13,27;13,57;4740600;13,266266
2018-08-21;13,58;13,64;13,39;13,57;4421500;13,266266
2018-08-22;13,59;13,75;13,52;13,65;2518300;13,344475
2018-08-23;13,57;13,65;13,35;13,41;2437900;13,109846
2018-08-24;13,43;13,56;13,27;13,4;3671100;13,10007
2018-08-27;13,4;13,5;13,17;13,25;3037000;12,953427
2018-08-28;13,25;13,35;13,16;13,21;2180500;12,914324
2018-08-29;13,35;13,5;13,28;13,34;2753400;13,041414
2018-08-30;13,33;13,44;13,18;13,22;2144800;12,9241
2018-08-31;13,17;13,2;13;13,07;3342100;12,777457
2018-09-04;13,31;13,31;12,89;12,92;2744800;12,630814
2018-09-05;12,88;13,02;12,77;12,88;4090900;12,591709
2018-09-06;12,88;12,98;12,62;12,7;4415200;12,415737
2018-09-07;12,62;12,78;12,43;12,66;2617100;12,376634
2018-09-10;12,7;12,75;12,52;12,62;3080800;12,337529
2018-09-11;12,54;12,59;12,33;12,53;3195200;12,347383
2018-09-12;12,49;12,61;12,34;12,36;3030700;12,179861
2018-09-13;12,39;12,6;12,39;12,5;1953000;12,317821
2018-09-14;12,53;12,62;12,33;12,44;2412800;12,258695
2018-09-17;12,54;12,54;12,27;12,27;2056400;12,091173
2018-09-18;12,33;12,51;12,24;12,42;5667400;12,238987
2018-09-19;12,45;12,65;12,42;12,52;2533300;12,33753
2018-09-20;12,54;12,65;12,43;12,62;2988300;12,436071
2018-09-21;12,65;12,81;12,51;12,81;8676600;12,623303
2018-09-24;12,7;12,84;12,63;12,75;3589400;12,564178
2018-09-25;12,76;12,94;12,72;12,91;3377900;12,721845
2018-09-26;12,88;12,96;12,75;12,85;3863700;12,662721
2018-09-27;13,06;13,08;12,76;12,88;8924700;12,692283
2018-09-28;12,85;13,22;12,78;13,19;6623900;12,997765
2018-10-01;13,22;13,3;13;13,1;4504800;12,909077
2018-10-02;13,1;13,15;13,01;13,07;3415100;12,879514
2018-10-03;13,11;13,41;13;13,38;8764400;13,184996
2018-10-04;13,31;13,39;13,2;13,33;6250400;13,135724
2018-10-05;13,46;13,5;13,23;13,29;5127000;13,096308
2018-10-08;13,24;13,33;13,14;13,32;2361800;13,12587
2018-10-09;13,49;13,52;13,26;13,48;5855900;13,283538
2018-10-10;13,36;13,44;12,76;12,77;5587700;12,583886
2018-10-11;12,75;12,83;12,6;12,7;8657800;12,514906
2018-10-12;12,87;12,88;12,69;12,82;9594000;12,633157
2018-10-15;12,74;13,09;12,66;12,99;2062800;12,800679
2018-10-16;13,07;13,18;12,78;13,14;3384600;12,948494
2018-10-17;13,14;13,27;13,02;13,21;4082900;13,017473
2018-10-18;13,22;13,3;13,06;13,14;3213300;12,948494
2018-10-19;13,21;13,38;13,09;13,13;2794800;12,938639
2018-10-22;13,18;13,2;13,07;13,19;2750400;12,997765
2018-10-23;13,02;13,18;12,87;13,09;4079000;12,899222
2018-10-24;13,05;13,19;12,82;12,85;6921900;12,662721
2018-10-25;12,92;13,01;12,73;12,86;4822400;12,672574
2018-10-26;12,77;12,83;12,55;12,67;5926200;12,485343
2018-10-29;12,79;12,95;12,38;12,47;5166300;12,288259
2018-10-30;12,51;12,82;12,48;12,82;2854300;12,633157
2018-10-31;12,97;13,33;12,86;13,19;9907100;12,997765
2018-11-01;13,16;13,22;12,95;13,13;4138000;12,938639
2018-11-02;13,16;13,26;13;13,17;2111300;12,978056
2018-11-05;13,17;13,31;13,08;13,16;3608200;12,968202
2018-11-06;13,17;13,33;12,88;13,27;3094800;13,076599
2018-11-07;13,4;13,5;13,24;13,43;6278500;13,234267
2018-11-08;13,99;14,14;13,45;14,14;9426100;13,93392
2018-11-09;14,1;14,38;14,01;14,24;3770500;14,032462
2018-11-12;14,23;14,27;13,67;13,69;3801400;13,490477
2018-11-13;13,74;13,88;13,62;13,66;3371200;13,460915
2018-11-14;13,7;13,84;13,61;13,81;2909100;13,608728
2018-11-15;13,73;13,73;13,41;13,57;4242200;13,372226
2018-11-16;13,55;13,76;13,49;13,57;2758100;13,372226
2018-11-19;13,56;13,58;13,26;13,3;2801300;13,106161
2018-11-20;13,17;13,32;12,56;12,6;4588800;12,416364
2018-11-21;12,62;12,94;12,56;12,59;4066900;12,406509
2018-11-23;12,55;12,72;12,5;12,61;1691700;12,426217
2018-11-26;12,76;13,05;12,72;13,03;3508800;12,840096
2018-11-27;12,97;13,17;12,79;12,87;3349800;12,682428
2018-11-28;12,88;13,14;12,75;13,13;2652200;12,938639
2018-11-29;13,06;13,37;13,06;13,21;2203400;13,017473
2018-11-30;13,24;13,28;12,97;12,98;3953500;12,790825
2018-12-03;13,19;13,43;13,1;13,3;3140600;13,106161
2018-12-04;13,31;13,4;12,86;12,89;3087200;12,702137
2018-12-06;12,7;12,76;12,32;12,47;4173400;12,288259
2018-12-07;12,47;12,65;12,27;12,36;2538000;12,179861
2018-12-10;12,36;12,56;12,11;12,53;3082800;12,347383
2018-12-11;12,7;13,01;12,35;12,46;2465000;12,278404
2018-12-12;12,81;12,88;12,48;12,73;3041600;12,544469
2018-12-13;12,75;12,98;12,51;12,6;2915200;12,416364
2018-12-14;12,5;12,51;12,2;12,25;3077100;12,071465
2018-12-17;12,26;12,36;11,99;12,07;3732500;11,894088
2018-12-18;12,11;12,35;11,87;11,97;3263400;11,795546
2018-12-19;12,02;12,26;11,8;11,84;3575000;11,66744
2018-12-20;11,83;11,83;11,27;11,34;4035000;11,174727
2018-12-21;11,4;11,66;11,02;11,04;5418000;10,8791
2018-12-24;11,01;11,17;10,86;10,87;1370400;10,711577
2018-12-26;10,93;11,18;10,65;11,18;3033800;11,017059
2018-12-27;11,05;11,21;10,76;11,21;3010300;11,046622
2018-12-28;11,24;11,39;11,09;11,25;2471100;11,086039
2018-12-31;11,3;11,4;11,11;11,35;1950900;11,184582
2019-01-02;11,21;11,46;11,12;11,39;2196700;11,223999
2019-01-03;11,35;11,47;11,16;11,28;2282000;11,115602
2019-01-04;11,42;11,8;11,42;11,77;1830300;11,59846
2019-01-07;11,73;12,06;11,67;11,98;2191300;11,805399
2019-01-08;12,06;12,23;11,99;12,16;2295600;11,982776
2019-01-09;12,06;12,32;12,06;12,21;1344200;12,032047
2019-01-10;12,19;12,23;12,07;12,18;1440700;12,002485
2019-01-11;12,1;12,25;12,06;12,24;1758400;12,06161
2019-01-14;12,52;12,52;12,22;12,29;1419000;12,110882
2019-01-15;12,29;12,5;12,28;12,38;1882000;12,19957
2019-01-16;12,37;12,49;12,31;12,38;1548300;12,19957
2019-01-17;12,33;12,54;12,21;12,44;1851100;12,258695
2019-01-18;12,52;12,56;12,42;12,52;1359000;12,33753
2019-01-22;12,46;12,51;12,28;12,35;2076900;12,170008
2019-01-23;12,39;12,39;11,99;12,17;3508800;11,992631
2019-01-24;12,16;12,46;12,08;12,44;1978600;12,258695
2019-01-25;12,55;12,79;12,54;12,69;3066300;12,505052
2019-01-28;12,62;12,71;12,51;12,63;1664100;12,445927
2019-01-29;12,63;12,82;12,63;12,72;3439200;12,534615
2019-01-30;12,71;12,8;12,51;12,67;1449500;12,485343
2019-01-31;12,68;12,87;12,65;12,83;2883500;12,643011
2019-02-01;12,85;12,85;12,69;12,74;2227700;12,554322
2019-02-04;12,73;12,96;12,69;12,87;2757700;12,682428
2019-02-05;12,85;12,99;12,78;12,98;2788100;12,790825
2019-02-06;12,98;13,13;12,91;12,92;2205700;12,7317
2019-02-07;12,83;12,84;12,51;12,71;3518800;12,52476
2019-02-08;12,67;12,95;12,19;12,46;3686200;12,278404
2019-02-11;12,54;12,79;12,1;12,22;2912200;12,041902
2019-02-12;12,26;12,52;12,26;12,4;2014200;12,219278
2019-02-13;12,42;12,61;12,36;12,44;2069900;12,258695
2019-02-14;12,39;12,65;12,35;12,5;1654000;12,317821
2019-02-15;12,57;12,77;12,44;12,75;2198600;12,564178
2019-02-19;12,74;12,9;12,71;12,76;2243100;12,574032
2019-02-20;12,78;13,03;12,72;12,88;2385300;12,692283
2019-02-21;12,83;12,86;12,75;12,8;2050500;12,613449
2019-02-22;12,85;13,05;12,83;12,98;6132000;12,790825
2019-02-25;13,11;13,19;12,99;13,02;3020700;12,830243
2019-02-26;13,02;13,07;12,97;13,02;3982900;12,830243
2019-02-27;12,95;13,11;12,89;13,04;2231500;12,849951
2019-02-28;13,04;13,08;12,98;13,02;3344800;12,830243
2019-03-01;13,09;13,28;13,06;13,25;2331100;13,05689
2019-03-04;13,35;13,41;13,11;13,24;2566100;13,047036
2019-03-05;13,25;13,28;13,1;13,18;2348600;12,98791
2019-03-06;13,14;13,22;12,95;13,12;1859700;12,928785
2019-03-07;13,11;13,12;12,86;12,9;1796400;12,711991
2019-03-08;12,77;12,82;12,68;12,8;2167600;12,613449
2019-03-11;12,87;13,08;12,83;13,04;2174300;12,849951
2019-03-12;12,98;13,08;12,83;12,87;2183200;12,780438
2019-03-13;12,9;12,91;12,69;12,74;2725700;12,651342
2019-03-14;12,76;12,76;12,62;12,64;2152400;12,552039
2019-03-15;12,68;12,72;12,56;12,64;4666300;12,552039
2019-03-18;12,64;12,79;12,6;12,62;2704000;12,532178
2019-03-19;12,64;12,7;12,48;12,54;2962000;12,452735
2019-03-20;12,53;12,68;12,36;12,6;5394800;12,512318
2019-03-21;12,56;12,97;12,54;12,85;4962600;12,760578
2019-03-22;12,94;12,94;12,53;12,63;3032200;12,542109
2019-03-25;12,63;12,7;12,51;12,56;7929400;12,472596
2019-03-26;12,56;12,66;12,37;12,42;2788100;12,33357
2019-03-27;12,46;12,48;12,23;12,31;4313900;12,224336
2019-03-28;12,33;12,42;12,21;12,38;1850700;12,293848
2019-03-29;12,43;12,46;12,35;12,44;2173400;12,35343
2019-04-01;12,52;12,64;12,47;12,52;3528400;12,432875
2019-04-02;12,52;12,57;12,41;12,44;3014000;12,35343
2019-04-03;12,53;12,68;12,44;12,49;2727300;12,403082
2019-04-04;12,53;12,61;12,49;12,5;2168700;12,413013
2019-04-05;12,52;12,63;12,48;12,55;1921100;12,462666
2019-04-08;12,57;12,67;12,49;12,52;1237900;12,432875
2019-04-09;12,5;12,57;12,46;12,52;1664300;12,432875
2019-04-10;12,48;12,66;12,48;12,65;1425300;12,561969
2019-04-11;12,66;12,69;12,54;12,54;1616200;12,452735
2019-04-12;12,62;12,7;12,58;12,65;1442300;12,561969
2019-04-15;12,66;12,71;12,49;12,54;1877000;12,452735
2019-04-16;12,59;12,72;12,53;12,67;2052300;12,58183
2019-04-17;12,71;12,84;12,57;12,59;2170300;12,502387
2019-04-18;12,58;12,58;12,33;12,52;4340000;12,432875
2019-04-22;12,49;12,51;12,4;12,44;1845900;12,35343
2019-04-23;12,42;12,59;12,42;12,5;3062800;12,413013
2019-04-24;12,5;12,55;12,47;12,51;2137300;12,422944
2019-04-25;12,44;12,49;12,23;12,35;2043700;12,264057
2019-04-26;12,37;12,47;12,31;12,46;3988600;12,373291
2019-04-29;12,45;12,6;12,37;12,44;2603300;12,35343
2019-04-30;12,44;12,48;12,28;12,42;3836300;12,33357
2019-05-01;12,44;12,53;12,35;12,37;2905000;12,283917
2019-05-02;12,37;12,37;12,16;12,26;1920100;12,174684
2019-05-03;12,29;12,37;12,29;12,34;1208800;12,254127
2019-05-06;12,18;12,26;11,97;12,03;2023800;11,946283
2019-05-07;11,89;11,99;11,49;11,57;3908000;11,489485
2019-05-08;11,52;11,67;11,42;11,42;3533500;11,340528
2019-05-09;11,35;11,52;11,22;11,43;4238600;11,350459
2019-05-10;11,53;12,15;11,53;11,9;4656200;11,817188
2019-05-13;11,66;11,82;11,37;11,46;3227800;11,38025
2019-05-14;11,5;11,63;11,45;11,52;2653000;11,439834
2019-05-15;11,41;11,61;11,31;11,57;2160700;11,489485
2019-05-16;11,61;11,74;11,52;11,53;1644700;11,449763
2019-05-17;11,44;11,53;11,35;11,41;1665100;11,330598
2019-05-20;11,62;11,83;11,56;11,59;3033600;11,509346
2019-05-21;11,7;11,83;11,64;11,8;1877500;11,717884
2019-05-22;11,76;11,82;11,69;11,76;1778300;11,678163
2019-05-23;11,7;11,81;11,59;11,79;4068100;11,707953
2019-05-24;11,84;11,91;11,73;11,78;1709500;11,698023
2019-05-28;11,81;11,85;11,65;11,78;2941900;11,698023
2019-05-29;11,77;11,82;11,54;11,61;2416900;11,529206
2019-05-30;11,62;11,72;11,43;11,45;2370800;11,370319
2019-05-31;11,35;11,46;11,35;11,39;2083200;11,310738
2019-06-03;11,36;11,5;11,35;11,42;3259400;11,340528
2019-06-04;11,64;11,66;11,49;11,58;4425300;11,499415
2019-06-05;11,62;11,65;11,37;11,62;5194500;11,539137
2019-06-06;11,61;11,68;11,54;11,6;5363600;11,519277
2019-06-07;11,61;11,75;11,59;11,72;3511800;11,638441
2019-06-10;11,81;11,85;11,71;11,77;2692800;11,688093
2019-06-11;11,85;11,87;11,76;11,8;2049200;11,717884
2019-06-12;11,77;11,85;11,7;11,74;1673200;11,658301
2019-06-13;11,76;11,83;11,69;11,79;2643400;11,707953
2019-06-14;11,77;11,86;11,77;11,83;3202500;11,747675
2019-06-17;11,85;12,28;11,85;12,24;6289000;12,154822
2019-06-18;12,25;13,02;12,25;12,89;7611700;12,8003
2019-06-19;12,9;13,45;12,9;13,37;6237200;13,276958
2019-06-20;13,52;13,61;13,38;13,56;4299500;13,465637
2019-06-21;13,55;13,69;13,37;13,53;7949600;13,435845
2019-06-24;13,5;13,54;13,3;13,32;2619000;13,227306
2019-06-25;13,31;13,37;13,24;13,25;2130000;13,157794
2019-06-26;13,27;13,4;13,24;13,3;3143100;13,207446
2019-06-27;13,32;13,5;13,32;13,43;2598700;13,336541
2019-06-28;13,45;13,58;13,36;13,49;6401700;13,396123
2019-07-01;13,73;13,79;13,42;13,6;3831000;13,505359
2019-07-02;13,59;13,68;13,41;13,51;2082200;13,415985
2019-07-03;13,57;13,57;13,41;13,45;1677100;13,356401
2019-07-05;13,4;13,56;13,36;13,46;1215400;13,366332
2019-07-08;13,38;13,48;13,26;13,29;1297900;13,197515
2019-07-09;13,22;13,37;13,21;13,3;2472300;13,207446
2019-07-10;13,37;13,39;13,25;13,3;1968800;13,207446
2019-07-11;13,33;13,36;13,19;13,22;3165600;13,128003
2019-07-12;13,24;13,4;13,19;13,31;2593200;13,217377
2019-07-15;13,3;13,37;13,22;13,36;2167300;13,267028
2019-07-16;13,4;13,61;13,38;13,58;2679000;13,485497
2019-07-17;13,58;13,67;13,13;13,22;2936500;13,128003
2019-07-18;13,15;13,33;13,15;13,28;3231900;13,187585
2019-07-19;13,09;13,26;12,97;13,14;4466000;13,048559
2019-07-22;13,14;13,3;13,11;13,26;2919000;13,167725
2019-07-23;13,35;13,45;13,25;13,38;2390300;13,286889
2019-07-24;13,33;13,65;13,33;13,57;3246800;13,475567
2019-07-25;13,56;13,58;13,32;13,37;3153500;13,276958
2019-07-26;13,41;13,47;13,36;13,43;1844500;13,336541
2019-07-29;13,4;13,47;13,27;13,38;2277300;13,286889
2019-07-30;13,28;13,41;13,26;13,38;1476600;13,286889
2019-07-31;13,35;13,39;13,11;13,16;3304100;13,068419
2019-08-01;13,12;13,26;12,98;13,03;4014800;12,939324
2019-08-02;12,96;13,02;12,85;12,98;2978400;12,889672
2019-08-05;12,82;12,83;12,65;12,76;4952800;12,671204
2019-08-06;12,84;12,92;12,72;12,9;3276800;12,810229
2019-08-07;12,75;12,83;12,49;12,79;5410600;12,700994
2019-08-08;12,86;13,05;12,83;13,03;3310600;12,939324
2019-08-09;12,91;13,77;12,91;13,7;4967700;13,604662
2019-08-12;13,75;14,23;13,75;14,03;3267400;13,932365
2019-08-13;14;14,35;14;14,04;4725000;13,942296
2019-08-14;13,9;14,17;13,35;13,38;3794900;13,286889
2019-08-15;13,39;13,94;13,34;13,65;4206600;13,55501
2019-08-16;13,68;13,83;13,47;13,76;2429300;13,664245
2019-08-19;14;14,14;13,94;13,99;2459100;13,892644
2019-08-20;13,98;14,15;13,92;13,92;1986200;13,823132
2019-08-21;13,99;14,19;13,89;14,1;2572500;14,001879
2019-08-22;14,19;14,26;14,05;14,15;2120600;14,05153
2019-08-23;14,07;14,12;13,52;13,54;3362900;13,445776
2019-08-26;13,63;13,67;13,56;13,66;1704700;13,56494
2019-08-27;13,73;13,76;13,46;13,51;1787800;13,415985
2019-08-28;13,52;13,72;13,46;13,72;1405400;13,624523
2019-08-29;13,86;13,91;13,78;13,8;1067800;13,703966
2019-08-30;13,84;13,94;13,66;13,75;1994200;13,654314
2019-09-03;13,65;13,66;13,49;13,55;1893000;13,455707
2019-09-04;13,74;13,91;13,68;13,89;2712500;13,793341
2019-09-05;14;14,14;13,93;14;2327300;13,902575
2019-09-06;14,05;14,2;14,03;14,11;1594700;14,011808
2019-09-09;14,04;14,38;14,04;14,37;1593500;14,27
2019-09-10;14,27;14,53;14,2;14,51;2442800;14,51
2019-09-11;14,53;14,65;14,41;14,55;3194100;14,55
2019-09-12;14,58;14,66;14,41;14,42;3394800;14,42
2019-09-13;14,51;14,58;14,41;14,55;1471100;14,55
2019-09-16;14,49;14,5;13,97;14,08;2705900;14,08
2019-09-17;14,07;14,27;13,95;14,25;1497800;14,25
2019-09-18;14,23;14,36;14,15;14,24;2364300;14,24
2019-09-19;14,3;14,3;13,93;13,95;2724800;13,95
2019-09-20;14,01;14,21;13,8;13,94;4084100;13,94
2019-09-23;13,88;14,12;13,81;14,01;1778300;14,01
2019-09-24;14,04;14,09;13,7;13,93;2526900;13,93
2019-09-25;13,92;14,12;13,85;14,04;1398600;14,04
2019-09-26;14,04;14,04;13,67;13,93;1870700;13,93
2019-09-27;13,96;14,03;13,78;13,86;1058300;13,86
2019-09-30;13,92;14,19;13,89;13,92;1881200;13,92
2019-10-01;13,94;14,12;13,84;13,88;2601900;13,88
2019-10-02;13,77;13,83;13,6;13,75;2156800;13,75
2019-10-03;13,8;13,82;13,47;13,69;1940100;13,69
2019-10-04;13,6;13,89;13,6;13,86;1325400;13,86
2019-10-07;13,79;13,86;13,7;13,71;1976100;13,71
2019-10-08;13,63;13,63;12,96;12,97;1879900;12,97
2019-10-09;13,02;13,13;12,89;13,08;2142900;13,08
2019-10-10;13,06;13,25;13,04;13,18;1609700;13,18
2019-10-11;13,3;13,59;13,3;13,5;2053100;13,5
2019-10-14;13,53;13,56;13,4;13,53;2043300;13,53
2019-10-15;13,49;13,54;12,84;13,42;3989700;13,42
2019-10-16;13,4;13,69;13,29;13,66;3234000;13,66
2019-10-17;13,71;13,82;13,57;13,67;2089800;13,67
2019-10-18;13,64;13,77;13,44;13,47;1776800;13,47
2019-10-21;13,53;13,71;13,52;13,65;2233100;13,65
2019-10-22;13,69;14;13,64;13,84;2102900;13,84
2019-10-23;13,87;13,93;13,73;13,85;1453100;13,85
2019-10-24;13,93;14,17;13,69;13,81;1974400;13,81
2019-10-25;13,78;13,88;13,72;13,8;2280800;13,8
2019-10-28;13,85;14;13,82;13,89;1220500;13,89
2019-10-29;14,07;14,07;13,83;13,96;1389200;13,96
2019-10-30;13,92;13,92;13,55;13,64;1913800;13,64
2019-10-31;13,66;13,72;13,44;13,71;1375000;13,71
2019-11-01;13,72;13,84;13,57;13,76;1569700;13,76
2019-11-04;13,82;13,94;13,73;13,81;2098000;13,81
2019-11-05;13,85;13,91;13,73;13,75;1453200;13,75
2019-11-06;13,73;13,76;13,42;13,55;1879200;13,55
2019-11-07;13,59;13,8;13,27;13,32;4306400;13,32
2019-11-08;13,26;13,46;12,62;12,9;6777400;12,9
2019-11-11;12,78;13,19;12,7;13,15;4014700;13,15
2019-11-12;13,14;13,16;12,92;13,12;4611100;13,12
2019-11-13;13,06;13,26;12,95;13,11;5528100;13,11
2019-11-14;13,06;13,1;12,76;12,91;2423100;12,91
2019-11-15;12,95;13,02;12,86;12,99;1987800;12,99
2019-11-18;12,93;13,05;12,87;12,89;1563500;12,89
2019-11-19;12,9;12,93;12,81;12,88;1539700;12,88
2019-11-20;12,81;12,86;12,67;12,73;1820200;12,73
2019-11-21;12,76;12,9;12,51;12,57;3250500;12,57
2019-11-22;12,62;12,74;12,55;12,71;2306100;12,71
2019-11-25;12,79;12,89;12,69;12,86;3179800;12,86
2019-11-26;12,99;13,08;12,85;13,04;3474300;13,04
2019-11-27;13,12;13,22;13,01;13,07;1997000;13,07
2019-11-29;13,01;13,05;12,78;12,88;1072800;12,88
2019-12-02;12,86;12,93;12,71;12,88;2473400;12,88
2019-12-03;12,93;13,07;12,53;12,67;2374000;12,67
2019-12-04;12,69;12,9;12,64;12,84;3196900;12,84
2019-12-05;12,88;13,05;12,81;13;2713300;13
2019-12-06;13,09;13,26;12,99;13,21;2171400;13,21
2019-12-09;13,19;13,5;13,15;13,23;1882300;13,23
2019-12-10;13,25;13,34;13,14;13,21;2155000;13,21
2019-12-11;13,25;13,42;13,23;13,31;2488100;13,31
2019-12-12;13,37;13,83;13,33;13,79;2787900;13,79
2019-12-13;13,81;13,84;13,56;13,59;2255600;13,59
2019-12-16;13,66;13,94;13,66;13,73;2146000;13,73
2019-12-17;13,78;13,84;13,62;13,79;1604600;13,79
2019-12-18;13,78;14,07;13,75;14,06;2697800;14,06
2019-12-19;14,01;14,05;13,82;13,92;3206900;13,92
2019-12-20;14,05;14,08;13,76;13,95;5927800;13,95
2019-12-23;14,27;14,27;13,89;14;1111000;14
2019-12-24;13,98;14,03;13,92;13,98;769000;13,98
2019-12-26;14,05;14,18;14,03;14,17;979600;14,17
2019-12-27;14,13;14,23;14,07;14,15;1020700;14,15
2019-12-30;14,13;14,16;14,06;14,07;1436800;14,07
2019-12-31;14,1;14,14;13,95;14,14;1456700;14,14
2020-01-02;14,17;14,45;14,16;14,44;2182900;14,44
2020-01-03;14,22;14,43;14,22;14,4;1976500;14,4
2020-01-06;14,34;14,37;14,2;14,36;2011900;14,36
2020-01-07;14,38;14,59;14,29;14,5;1585000;14,5
2020-01-08;14,47;14,68;14,47;14,54;1695900;14,54
2020-01-09;14,54;14,59;14,32;14,43;1846900;14,43
2020-01-10;14,41;14,47;14,32;14,35;1862500;14,35
2020-01-13;14,38;14,58;14,24;14,57;1675800;14,57
2020-01-14;14,51;14,69;14,49;14,67;1670100;14,67
2020-01-15;14,67;14,8;14,5;14,79;1399100;14,79
2020-01-16;14,83;14,98;14,77;14,91;2419900;14,91
2020-01-17;14,92;15,07;14,83;14,91;1838500;14,91
2020-01-21;14,77;14,88;14,39;14,49;2380500;14,49
2020-01-22;14,49;14,59;14,39;14,45;2262100;14,45
